rank_mean_abs_shap,feature,feature_group,mean_abs_shap,std_abs_shap,mean_shap,mean_std_coef,std_std_coef,mean_abs_std_coef,direction,n_folds_pos_coef,n_folds_neg_coef,mean_perm_mae_increase,std_perm_mae_increase
1,month,calendar,203.71162446602855,71.6331441475943,27.745723163822582,208.59288137358664,16.27097477012973,208.59288137358664,+,4,0,151.95179173344195,78.70481608764645
2,day_of_year,calendar,203.4352229514505,72.74980260299347,-27.605182036969165,-207.77099342280803,17.055469287985428,207.77099342280803,-,0,4,151.91822594345996,82.6468960073094
3,generation_wind_onshore_lag_24,historical_generation,24.67949768303658,2.5098516654127314,0.5863375792186949,-31.37405584993823,1.4625917186719388,31.37405584993823,-,0,4,28.056800173468396,4.186298982896488
4,renewable_generation_lag_24,historical_generation,21.011649598623222,2.6465082388129493,-6.770272367341244,26.555410313932953,1.8172728116046328,26.555410313932953,+,4,0,21.844724026653562,2.828115495735129
5,clouds_all_national_mean_lag_24,weather_aggregate,20.958814374642934,3.085791613133609,1.761777774845055,-26.99959205900248,2.330744694170852,26.99959205900248,-,0,4,23.042821256352255,5.532401401791402
6,generation_hydro_water_reservoir_lag_24,historical_generation,16.384069851559996,1.1528293888497787,8.169862258909488,-20.10211176253696,1.0310683270207603,20.10211176253696,-,0,4,12.526583544034,3.925372378448306
7,price_mean_lag24_lag48,historical_target,15.952121830176903,4.542189798752719,-9.203638021320563,-22.0862455571464,4.492416148076684,22.0862455571464,-,0,4,15.16106799995833,5.488240102456723
8,day_of_month,calendar,15.639938095538914,1.1470366014987337,0.36974176041863116,18.276332113688387,1.0532820418160993,18.276332113688387,+,4,0,15.923166262913515,1.3478601390130598
9,generation_solar_lag_24,historical_generation,13.422505052492296,0.8118134717738984,0.4657856551363134,-15.718511518016669,0.571460266905604,15.718511518016669,-,0,4,12.314565971766445,1.504456316064145
10,total_generation_lag_24,historical_generation,13.040687348537412,0.5909517329512394,-0.8753175456240518,14.732079799499838,0.42810376702114816,14.732079799499838,+,4,0,13.493120989886403,0.7459826792052201
11,price_day_ahead_lag_24,historical_target,11.125564578969797,2.742349144901632,5.888030219766245,15.453199283203048,2.55235662855077,15.453199283203048,+,4,0,10.50471678035594,3.0500035631951006
12,clouds_all_bilbao_lag_24,historical_weather,9.783022989287232,0.9979502637047474,-0.535239694635751,10.650934877576624,0.9591598445999265,10.650934877576624,+,4,0,7.9603504300251835,1.3495654492279547
13,clouds_all_national_mean_lag_168,weather_aggregate,8.593784017764923,2.231441387786274,0.9392991930756447,-11.111022245684227,2.8609467430767483,11.111022245684227,-,0,4,7.468157407201355,2.9624097031484955
14,wind_speed_national_mean_lag_24,weather_aggregate,7.991009886539928,1.6045971990091163,1.0869134074635538,-9.984565490351295,1.918074377540712,9.984565490351295,-,0,4,6.184003379615566,2.821287957792432
15,generation_wind_onshore_lag_168,historical_generation,7.864313148049165,1.5090255765424,-0.021544319516386468,-9.838818408002597,0.9370907684747782,9.838818408002597,-,0,4,6.666104618265599,1.7817882225104158
16,renewable_generation_lag_168,historical_generation,7.7513443449386275,1.2804689333703472,-2.2934620334984888,9.666559502806956,0.4101579390015769,9.666559502806956,+,4,0,5.979647267783827,1.8394796699444766
17,clouds_all_madrid_lag_24,historical_weather,7.635493344844754,1.268879853677421,-0.251501733240636,9.237546422802243,0.7777738853235102,9.237546422802243,+,4,0,5.710153176530782,2.437186360701189
18,price_day_ahead_lag_48,historical_target,7.548916661609148,2.2783261033919193,4.025206126581378,10.501767395264288,2.4285824179674065,10.501767395264288,+,4,0,6.192132664069394,2.1088495648163774
19,clouds_all_barcelona_lag_24,historical_weather,7.378733232407795,1.0263717538989257,-0.29439782077934085,8.267883112729,0.8569866201232229,8.267883112729,+,4,0,5.96744473050728,1.3529304850262498
20,clouds_all_seville_lag_24,historical_weather,6.307634146119968,0.8678835150840505,-0.5196439090886703,8.329455519065462,0.7079884518761045,8.329455519065462,+,4,0,4.32337125307591,1.8320891521980385
21,forecast_wind_share_of_load,day_ahead_forecast,6.021064143459064,0.6822140612001973,0.34363611829514057,-7.831705799551392,0.42785267968662866,7.831705799551392,-,0,4,3.9977877779646,1.1955599405972874
22,clouds_all_valencia_lag_24,historical_weather,5.773912301138216,1.1765046577725402,-0.1936947971632743,8.430999253173269,0.6986051579449201,8.430999253173269,+,4,0,4.564547074286028,1.2437910178678677
23,humidity_national_mean_lag_24,weather_aggregate,5.419004461400464,0.983542996969902,-0.11332585572580098,5.735887549126373,0.9246921095015226,5.735887549126373,+,4,0,3.081174813039051,0.6231019591026534
24,generation_hydro_run_of_river_and_poundage_lag_24,historical_generation,5.123367228895618,1.0478428216503144,1.2379786314954324,-5.684702771047279,0.13288516816327137,5.684702771047279,-,0,4,2.6952575357488,1.0292083542403607
25,total_generation_lag_168,historical_generation,4.978064253138121,0.4998624994859651,-0.2836132244192816,5.59626524924076,0.573676644815431,5.59626524924076,+,4,0,3.1976032439458724,0.5828989412181566
26,price_mean_lag24_lag48_lag168,historical_target,4.905553578535844,1.174508349609337,3.097247492215969,6.728445373655641,1.0458798978899064,6.728445373655641,+,4,0,2.9840365200886816,1.0852522347732825
27,generation_solar_lag_168,historical_generation,4.822236808935461,0.37635333802360743,0.20033463096016002,-5.650766762847592,0.5514922260332562,5.650766762847592,-,0,4,2.851231578572386,0.549040163175512
28,generation_hydro_water_reservoir_lag_168,historical_generation,4.805533498726957,0.5269875527208743,2.2617410794279706,-5.852481839362252,0.5658363909288582,5.852481839362252,-,0,4,2.1535273551558722,1.189308177172932
29,generation_fossil_gas_lag_24,historical_generation,4.733119555647723,0.9720153551729566,-2.351951958113982,-4.668640704219871,0.8583430309899728,4.668640704219871,-,0,4,3.359313828546396,1.0847057225134695
30,total_load_forecast,day_ahead_forecast,4.467287528451864,0.10319630802532533,0.3699890919943071,5.23163400029759,0.17506472325510136,5.23163400029759,+,4,0,2.5967632329206296,0.19721493653249722
31,month_sin,calendar,4.108033928863922,1.5512719624688445,-0.21357618718320687,-4.296287204216318,1.6171112724239494,4.296287204216318,-,0,4,1.0682157565208346,1.0964972282481935
32,generation_fossil_hard_coal_lag_24,historical_generation,3.9255689856662164,0.8812581449576866,0.5940084295316397,-5.405206996578301,0.9960917117825966,5.405206996578301,-,0,4,1.775268154653617,0.7053503706993318
33,clouds_all_bilbao_lag_168,historical_weather,3.9201621328746294,0.9142994753105992,-0.14192533204481683,4.273477852820568,1.1118949204761122,4.273477852820568,+,4,0,1.879837479862444,0.8831937031326087
34,wind_speed_national_mean_lag_168,weather_aggregate,3.4528668874038018,1.2982622851314238,0.3085595544212799,-4.283976633071923,1.5661598039499038,4.283976633071923,-,0,4,1.8243374649933308,1.2784334102666823
35,clouds_all_madrid_lag_168,historical_weather,2.9125476122256613,0.863832030968286,-0.18315471809317108,3.5769510260494295,1.0402837354561143,3.5769510260494295,+,4,0,1.4285397079956914,1.0664580075084862
36,clouds_all_barcelona_lag_168,historical_weather,2.744390672849549,0.8455003298734276,-0.1463801903609081,3.100335784249358,0.8986953407278063,3.100335784249358,+,4,0,1.2766193385056972,0.9160683803739316
37,total_load_actual_lag_24,historical_load,2.651886507939152,0.318935704414506,-0.249080717079805,-3.094608646129249,0.3994376903313896,3.094608646129249,-,0,4,1.0654321119727455,0.37923202276099666
38,wind_speed_madrid_lag_24,historical_weather,2.6320259103380925,0.5365510781441508,-0.25187540178287265,3.3292530716955318,0.5167228109601864,3.3292530716955318,+,4,0,1.1968106502184954,0.5506710529755188
39,renewable_share_lag_24,historical_generation,2.5811516112020656,0.512621017800184,-0.7457998273955311,3.1343841260557723,0.3414426909959019,3.1343841260557723,+,4,0,0.9316347500501194,0.6238842803937621
40,generation_nuclear_lag_24,historical_generation,2.5493578113104425,0.364102272655389,0.02898887070039366,-2.877224588917603,0.17297135611875564,2.877224588917603,-,0,4,1.0110016965003046,0.3658439924638483
41,wind_speed_valencia_lag_24,historical_weather,2.5191065116038986,0.6572936421306197,0.03182560826137362,3.846325739767762,0.7919850324820554,3.846325739767762,+,4,0,1.2140008137268983,0.6386313397182143
42,clouds_all_seville_lag_168,historical_weather,2.46582513571299,0.6764389288220999,-0.24519104953752646,3.2818729541749057,0.8590111235601755,3.2818729541749057,+,4,0,1.0701727743389189,0.7779738009693873
43,wind_speed_barcelona_lag_24,historical_weather,2.374983323220634,0.4783358803132886,-1.0254786613701,2.7535717455863593,0.608865170151209,2.7535717455863593,+,4,0,0.850022127991537,0.375461174522419
44,clouds_all_valencia_lag_168,historical_weather,2.357067623664823,0.44639099750892175,-0.15673434939191971,3.5295673078347733,0.8453583613748581,3.5295673078347733,+,4,0,1.0049965302072776,0.4654834984672633
45,humidity_seville_lag_24,historical_weather,2.350820625844796,0.4723716976906915,-0.013541540235133792,-2.6644855078725986,0.23629101165767097,2.6644855078725986,-,0,4,0.6165735413156845,0.30534098173160257
46,wind_speed_seville_lag_24,historical_weather,2.290111928883818,0.5136792723804763,-0.09294781698384763,2.7094700913636376,0.4769125128570259,2.7094700913636376,+,4,0,0.9032308414534607,0.48393256643346855
47,day_of_year_sin,calendar,2.20255079865069,1.0290682833251503,0.393665817843442,1.7685295823953324,1.8975533484520228,2.3256258779553356,+,3,1,0.7660271260382925,1.0209255785479214
48,wind_speed_bilbao_lag_24,historical_weather,2.1781981219669078,0.4491015270717837,0.2821998863517011,2.7028498014812983,0.5293879661191221,2.7028498014812983,+,4,0,1.0207607108248538,0.46698361171194686
49,fossil_generation_lag_24,historical_generation,2.153031498515582,1.1083289151921234,-0.5638830822380269,-2.553575033610978,1.4476023370791955,2.553575033610978,-,0,4,0.7635451492460883,0.7613159537632168
50,humidity_national_mean_lag_168,weather_aggregate,2.1489152140457426,0.5133561691611662,-0.114135727841566,2.3182079791044594,0.6966593428171239,2.3182079791044594,+,4,0,0.6443636706520475,0.30156159717653047
51,generation_fossil_gas_lag_168,historical_generation,2.090986150470082,0.5459507018402763,-1.0275918304674128,-2.0566025418157388,0.5382864716076781,2.0566025418157388,-,0,4,0.9828395916240085,0.5708516756104404
52,humidity_madrid_lag_24,historical_weather,1.811845383876601,0.6004905833062181,0.13348813362059894,-1.9683113153902068,0.476091216703187,1.9683113153902068,-,0,4,0.28384422307342594,0.21948621059433007
53,generation_biomass_lag_24,historical_generation,1.752238438013732,0.45848770171897074,1.7447138710944552,-1.9475771484756308,0.07556878571704685,1.9475771484756308,-,0,4,0.1421060653974675,0.04777442171410224
54,fraction_high_price_last_30d,diğer,1.6998522398601605,0.48432584247953564,0.38613198366093304,2.524810300969391,0.5701879219150289,2.524810300969391,+,4,0,0.30280853753967096,0.083841686674445
55,humidity_valencia_lag_24,historical_weather,1.6208368119082317,0.102440770790441,-0.04553005051770338,-1.939804945239223,0.23870161576897142,1.939804945239223,-,0,4,0.45047297352003457,0.1892711845751249
56,week_of_year,calendar,1.5767681934042574,0.5487144330737236,-0.1839767635595778,-1.6396028997282701,0.15377509299743822,1.6396028997282701,-,0,4,0.31021137298049517,0.27508117152837147
57,temp_seville_lag_24,historical_weather,1.4901279960746137,0.20229306716894008,0.32553642862822435,-1.9162787708276192,0.2588136965613464,1.9162787708276192,-,0,4,0.31227143185586326,0.12084113665265182
58,forecast_solar_day_ahead,day_ahead_forecast,1.4410273374370748,0.7158510132614979,-0.010798639174044597,-1.6601602105106603,0.8114465451804953,1.6601602105106603,-,0,4,0.46664603686082096,0.30451147795826045
59,generation_fossil_hard_coal_lag_168,historical_generation,1.4259587823775874,0.4168687051228823,0.2536043033366976,-1.94475425437754,0.3942178227839981,1.94475425437754,-,0,4,0.4179087084581532,0.30206339867513615
60,total_load_actual_lag_168,historical_load,1.3445182242448517,0.24190452050010489,-0.10254066062844362,-1.5591304193260336,0.28209990467639817,1.5591304193260336,-,0,4,0.3059742331239028,0.029068999786095923
61,generation_other_renewable_lag_168,historical_generation,1.2498725055864055,0.3952800404656467,-1.2268420047819864,-0.7795750564732244,0.14021609408222743,0.7795750564732244,-,0,4,-0.005344604358355376,0.03823701112220821
62,price_max_lag24_lag48_lag168,historical_target,1.2439188351698909,0.5643956981149796,-0.727576826724625,-1.634333613302498,0.6634260127439798,1.634333613302498,-,0,4,0.2362602823296669,0.22662875985929443
63,forecast_solar_share_of_load,day_ahead_forecast,1.2210185012788457,0.6055924864409264,0.1185466878867487,-1.458516657946051,0.7638575892314757,1.458516657946051,-,0,4,0.3687669895653638,0.2794485386086836
64,humidity_barcelona_lag_24,historical_weather,1.1649333443848537,0.21386269577358472,0.08453508203290505,-1.2032361909115041,0.2448195585310194,1.2032361909115041,-,0,4,0.2526985852354342,0.11409850032245814
65,quarter,calendar,1.1531307435310514,0.7600935741338896,-0.09759709323304178,-0.9880303954891376,0.5448464420304899,0.9880303954891376,-,0,4,0.11358909265386496,0.11457558817756743
66,fraction_high_price_last_14d,diğer,1.1413316497981802,0.3463751514796466,-0.15561590007362902,-1.4744615414390976,0.4920336354803686,1.4744615414390976,-,0,4,0.11126822947054116,0.1266470609441254
67,humidity_bilbao_lag_24,historical_weather,1.0851194067800725,0.11830563722006354,-0.0686084357848578,-1.3325988443269707,0.19332971422221265,1.3325988443269707,-,0,4,0.21939885553472127,0.09266019740881662
68,wind_speed_valencia_lag_168,historical_weather,1.0827717656106368,0.4681472432669218,0.06197015932879915,1.631228225255841,0.5990470360070361,1.631228225255841,+,4,0,0.34265708506837456,0.346667591642918
69,wind_speed_barcelona_lag_168,historical_weather,1.0636556825199612,0.33993153917916047,-0.44493503594893646,1.2321863804175597,0.4098884487602462,1.2321863804175597,+,4,0,0.19588909878342653,0.1705467991173532
70,wind_speed_seville_lag_168,historical_weather,1.0450881453655372,0.42112826814916604,-0.023333354274998403,1.2164964711530815,0.4337577232023288,1.2164964711530815,+,4,0,0.26774235917596667,0.2241684631989661
71,temp_madrid_lag_168,historical_weather,0.9544044465846957,0.2951909164258691,-0.2357400534892929,1.1799108434981431,0.48013845642849495,1.1799108434981431,+,4,0,0.011249495228948136,0.07143458974620259
72,wind_speed_madrid_lag_168,historical_weather,0.9164582763569882,0.3735090801845733,-0.05205690956565485,1.1425470554448447,0.40586097548108563,1.1425470554448447,+,4,0,0.20587060890561504,0.2463019277717943
73,fossil_generation_lag_168,historical_generation,0.8951310754422943,0.44348466944441345,-0.22671089499967295,-1.0449158172665614,0.5614588691120503,1.0449158172665614,-,0,4,0.2068306746154449,0.1808312406463696
74,fraction_high_price_last_7d,diğer,0.8910785919628936,0.17197452677282016,0.1635055326505539,1.0035139860271955,0.19501909633259548,1.0035139860271955,+,4,0,0.1411471491172802,0.1268365240452627
75,humidity_seville_lag_168,historical_weather,0.807284056975099,0.14727746951590542,-0.0015046717195880688,-0.9206245496647987,0.14461589197477742,0.9206245496647987,-,0,4,0.06319048102095981,0.06055644134185293
76,price_std_lag24_lag48_lag168,historical_target,0.7837032089471785,0.12380171608721126,-0.08410816872706112,0.9177293318767703,0.1444100433272734,0.9177293318767703,+,4,0,0.15086676971098623,0.16728729435129733
77,generation_nuclear_lag_168,historical_generation,0.7524402893387393,0.13010627947451803,0.009992161200821074,-0.8490861781805429,0.11360460233808362,0.8490861781805429,-,0,4,0.09901727385888259,0.039601436929194274
78,generation_hydro_run_of_river_and_poundage_lag_168,historical_generation,0.7522761644268225,0.42595032848499076,0.09582675793298188,-0.7929402403575174,0.2874650337509218,0.7929402403575174,-,0,4,0.0385181484563053,0.12534547186576392
79,temp_national_mean_lag_24,weather_aggregate,0.7335453104856926,0.23255459312585244,0.4286194129428158,-0.1864836721295765,0.8738323159074506,0.8625360743154407,0,2,2,0.08103076478488425,0.08132608787340563
80,wind_speed_bilbao_lag_168,historical_weather,0.7296144889239913,0.38118838060459836,0.12540410433872035,0.8967720596799773,0.4668587250935905,0.8967720596799773,+,4,0,0.1892446661175906,0.22225142924939928
81,forecast_wind_onshore_day_ahead,day_ahead_forecast,0.7083927003618797,0.42746799569327837,0.01754881315660839,0.8961854724914753,0.48747511589137055,0.8961854724914753,+,4,0,0.20918849911519533,0.1620549096646804
82,day_of_year_cos,calendar,0.6787807322366853,0.40680044855607117,-0.040418721989824304,0.7340412156273975,0.4331291976053847,0.7340412156273975,+,4,0,0.06451780921291284,0.0713608835399653
83,month_cos,calendar,0.6550876143968924,0.4297971760957341,-0.013039444743035089,0.17558928479485522,0.8209845495228572,0.70512738147229,0,2,2,-0.026247226692013514,0.02821506844411173
84,hour_sin,calendar,0.624748937976546,0.10855108188438016,-0.0003264152262432452,-0.6979138611546054,0.12120651954138956,0.6979138611546054,-,0,4,0.0649352320069978,0.03362133226372357
85,humidity_valencia_lag_168,historical_weather,0.57449987775876,0.15386548594640956,0.0193159676536704,-0.6886112469960768,0.20107032385467893,0.6886112469960768,-,0,4,0.07896769918922142,0.04947638772146175
86,humidity_madrid_lag_168,historical_weather,0.5668041771610842,0.41517600345699673,0.11133519409573923,-0.5932374964745026,0.5020857260062249,0.6268721027455448,-,1,3,0.051317753223622864,0.0370962253626075
87,day_of_week,calendar,0.5608097419383181,0.10676525515772514,0.002167232241566398,-0.655852153913463,0.1284729353352737,0.655852153913463,-,0,4,0.014696439416777896,0.012860108999226348
88,temp_valencia_lag_168,historical_weather,0.5030149930616632,0.14212683555898833,0.01171408482268553,-0.6059270262526599,0.1663281250700482,0.6059270262526599,-,0,4,0.06849087350498739,0.07543550387505052
89,humidity_barcelona_lag_168,historical_weather,0.48779108770142376,0.13755231733269285,0.032246230206675844,-0.5121389734161328,0.17763954071808385,0.5121389734161328,-,0,4,0.048443514833675705,0.02933549333817274
90,hour_cos,calendar,0.4615532211971047,0.07357246514693677,-7.803518379835999e-05,-0.5156009742973271,0.08223974085372387,0.5156009742973271,-,0,4,0.00335263298331423,0.020567140141120124
91,generation_waste_lag_24,historical_generation,0.414312269974874,0.10543724082631435,-0.38036742307497895,-0.3939355873433601,0.12317321517348559,0.3939355873433601,-,0,4,0.011484998994184759,0.01802826478640547
92,humidity_bilbao_lag_168,historical_weather,0.37536802854229023,0.10473644269233442,-0.003204730682087426,-0.4540406624586175,0.12157507867683365,0.4540406624586175,-,0,4,0.0522379890858129,0.028594372211350628
93,temp_seville_lag_168,historical_weather,0.3669397506974829,0.1910004692584253,0.06532140714197741,-0.5167977165508305,0.30133260428697844,0.5167977165508305,-,0,4,0.04419956120896562,0.05196187377428947
94,generation_biomass_lag_168,historical_generation,0.32136564374653054,0.21028184374949072,0.2983986796743985,-0.3941736757784386,0.32573523526820564,0.41423774193299845,-,1,3,0.03693806482764428,0.03609252069196264
95,price_day_ahead_lag_168,historical_target,0.31929643362673443,0.17839557580182705,-0.17458174007184138,-0.4316766063891329,0.2787424941302941,0.4571905637832532,-,1,3,0.03224349296613549,0.0486606928522275
96,wind_deg_sin_madrid_lag_24,historical_weather,0.3166436896075469,0.09430076852103847,0.026362510191833926,0.41156413239113415,0.11962682710767136,0.41156413239113415,+,4,0,-0.01595836963502295,0.018047666299111195
97,generation_other_lag_24,historical_generation,0.31644086629090895,0.14217393309783538,0.30517161558525346,-0.3769646260011036,0.13033999138416716,0.3769646260011036,-,0,4,0.0025639502813330495,0.054416091912931445
98,temp_barcelona_lag_168,historical_weather,0.31092733787651466,0.2485451541018222,-0.07084321816288804,-0.2830993096917653,0.1988875506337245,0.29270050759634425,-,1,3,0.0017915601053617447,0.009413626137776838
99,temp_barcelona_lag_24,historical_weather,0.2941413241868522,0.20658365275491467,-0.10821195073535517,-0.19824499029386924,0.24135987477365056,0.2859169292412086,-,1,3,0.004677213553953896,0.03125429450294087
100,pressure_madrid_lag_24,historical_weather,0.2919045908548273,0.11002876650866682,-0.1280728744866165,-0.5026257819532585,0.03702925328338648,0.5026257819532585,-,0,4,0.0030801712266861347,0.020929940988994214
101,generation_other_renewable_lag_24,historical_generation,0.2686062093651268,0.11413297658648115,0.16970801596331414,0.13898829554300496,0.17697995961700663,0.1953540675053373,+,3,1,-0.0019125969115023622,0.01893314230642985
102,renewable_share_lag_168,historical_generation,0.2578241108576183,0.21273957299831384,0.12230056537845493,-0.34790130143243075,0.32585955489707724,0.35980397870067576,-,1,3,0.018040312660535074,0.03977205307925936
103,temp_madrid_lag_24,historical_weather,0.2536803674102881,0.11928105129667128,-0.18609051275305005,0.24936146976820475,0.26606566576040896,0.32055015139334675,+,3,1,-0.011680236078357664,0.03852490381574452
104,temp_national_mean_lag_168,weather_aggregate,0.24734461609735706,0.14378409517493915,0.10599910499834624,0.11481916407473206,0.2804508888656665,0.27180828178411987,+,3,1,0.0022718900536164988,0.009604139660355726
105,total_load_actual_lag_48,historical_load,0.2444232858695377,0.15178454543186443,0.009362634901638031,0.2848367939053574,0.1781390576125744,0.2848367939053574,+,4,0,0.018552135992147223,0.03508910012827388
106,generation_fossil_brown_coal_lignite_lag_24,historical_generation,0.24129132200109438,0.14684179909117248,-0.017353403777186596,-0.14067052404376848,0.2989193853625949,0.2954281486092126,0,2,2,-0.006160670358859255,0.06315711090667585
107,pressure_bilbao_lag_24,historical_weather,0.23598418610095612,0.0426836049201735,-0.0016112220578147571,0.3468497666337358,0.11842196479072502,0.3468497666337358,+,4,0,0.0223076083864171,0.03532006402360273
108,price_min_lag24_lag48_lag168,historical_target,0.2321437854639523,0.08669258480382219,-0.1290074761599082,-0.30019531192720295,0.09709107378221075,0.30019531192720295,-,0,4,0.0032658034177399653,0.042166008005500064
109,pressure_bilbao_lag_168,historical_weather,0.22515026958556722,0.061073669965365146,0.0011467276156569405,0.3263324980153649,0.12363823704371173,0.3263324980153649,+,4,0,0.017917134653470335,0.03882639307211757
110,generation_other_lag_168,historical_generation,0.21917066457099335,0.10516928055984064,0.20373584402780934,-0.2701223726004138,0.1223301097317943,0.2701223726004138,-,0,4,0.005085032856845029,0.01737447965129842
111,generation_fossil_brown_coal_lignite_lag_168,historical_generation,0.21249299242131564,0.1635982876090556,-0.023256867309988716,-0.2561896792419891,0.1881805741126268,0.2561896792419891,-,0,4,0.03422001569942856,0.05458495790862942
112,wind_deg_cos_madrid_lag_24,historical_weather,0.2089352442579679,0.020360635457449174,0.030202397143727244,0.2184894782636961,0.02140985185626219,0.2184894782636961,+,4,0,0.006512016428117828,0.012271971449653689
113,pressure_seville_lag_24,historical_weather,0.20454926760435074,0.07897951576313508,0.07108724547760341,-0.25993687251774833,0.09370618142658303,0.25993687251774833,-,0,4,0.025936781920971264,0.032697704049743564
114,generation_hydro_pumped_storage_consumption_lag_168,historical_generation,0.20373921782641746,0.03909638091536734,0.03497956349170792,-0.2897088263640178,0.047413571399296,0.2897088263640178,-,0,4,0.0031174519487109364,0.016910868549935853
115,is_month_start,calendar,0.19335408945023388,0.0675575827909173,-0.003854538060462492,0.5474514987819674,0.19128037875885914,0.5474514987819674,+,4,0,0.030332199919665737,0.08723145411771831
116,temp_bilbao_lag_168,historical_weather,0.1831466339510649,0.11796116110593895,-0.023590184420525462,-0.02312063094130601,0.28090863896053786,0.233236772908618,-,1,3,0.01703154106693816,0.015030823967574328
117,generation_fossil_oil_lag_24,historical_generation,0.17821800387862927,0.05631995110012234,0.04292355170619997,-0.21344451240269946,0.2064729167816989,0.2823929177415173,-,1,3,0.010300855293039257,0.013759979374858003
118,rain_1h_national_max_lag_168,weather_aggregate,0.172530377061748,0.03689888844118141,0.09306603844902679,-0.4986124135250031,0.10891199548458708,0.4986124135250031,-,0,4,0.007287970543817801,0.007324281831625099
119,generation_fossil_oil_lag_168,historical_generation,0.1631011853765536,0.05882584738064988,-0.08243421711064462,0.24840388380288259,0.078876030993893,0.24840388380288259,+,4,0,-0.013854573731187703,0.007158932293398002
120,temp_bilbao_lag_24,historical_weather,0.14842280856608303,0.1253416518022257,-0.02060378155989067,0.11496628680584697,0.2177391867671003,0.18624990510457357,+,3,1,0.007598973426217848,0.016556543434690693
121,load_forecast_error_lag_24,historical_load,0.1422752192395066,0.015344440128475044,0.002197656197302797,0.22322652709541266,0.015708786201125795,0.22322652709541266,+,4,0,-0.003905933827693442,0.009200530258309417
122,generation_hydro_pumped_storage_consumption_lag_24,historical_generation,0.13236592034095065,0.05054736026745888,0.01640730311748641,-0.1831430222859489,0.06245829504559293,0.1831430222859489,-,0,4,0.002766230438754347,0.010231303565213139
123,rain_1h_bilbao_lag_168,historical_weather,0.131792612893534,0.019734184586835082,-0.06608786927196802,0.33597114382263477,0.05093258743668043,0.33597114382263477,+,4,0,0.0026652592683489296,0.0036234676540448656
124,dow_cos,calendar,0.11766573095863074,0.07341544066769463,0.00018927659337213338,-0.1297686834460649,0.08093308557498169,0.1297686834460649,-,0,4,0.010267018071987044,0.011024498253453932
125,dow_sin,calendar,0.11635309561096442,0.05402607539454434,-0.0006773035894616951,-0.1312233684362235,0.06100678522479496,0.1312233684362235,-,0,4,0.008202344879303824,0.003327238610957304
126,wind_deg_cos_barcelona_lag_24,historical_weather,0.11463847512815756,0.01583885543486151,0.012385092389710514,0.13689033884163068,0.02115774360634692,0.13689033884163068,+,4,0,0.003411769665292219,0.003657541129584743
127,hour,calendar,0.1108146741029544,0.034257619085401536,3.0589436462083165e-06,-0.12787035818864742,0.03959456462183284,0.12787035818864742,-,0,4,-0.0012688022782982866,0.0061504110878455726
128,generation_waste_lag_168,historical_generation,0.10757871792844065,0.08407668022922606,-0.043244758036401584,-0.04710431939496547,0.10629979559173189,0.09544670256739636,0,2,2,0.002029774506302706,0.007435135594349608
129,temp_valencia_lag_24,historical_weather,0.10523813540414853,0.0638608446101987,-0.006330199752713674,0.1272547689566484,0.08487864531267801,0.1272547689566484,+,4,0,-0.0038462529546563484,0.009786722447465656
130,rain_1h_barcelona_lag_168,historical_weather,0.10128549987048936,0.024757977918559375,-0.0586409492512321,0.47660527970004624,0.09747968628435644,0.47660527970004624,+,4,0,7.88297115958958e-05,0.002169520590747585
131,pressure_madrid_lag_168,historical_weather,0.09980229785067636,0.030359153050194928,-0.048053043819637764,-0.17781558994005509,0.032446320343184974,0.17781558994005509,-,0,4,-0.0022676058087627293,0.010152294263806419
132,pressure_valencia_lag_24,historical_weather,0.09464894382434906,0.041400202143479954,0.003842391375459255,-0.21345044992062362,0.042302090661572686,0.21345044992062362,-,0,4,-0.00010714790570576227,0.01096245400516287
133,wind_deg_sin_seville_lag_24,historical_weather,0.08814634929499321,0.030891849512399414,-0.007500415101580844,-0.10154919374689331,0.0346732759869784,0.10154919374689331,-,0,4,0.0029069771058134464,0.0030976515259058873
134,wind_deg_cos_madrid_lag_168,historical_weather,0.08407194437736826,0.06758974463145316,0.01478725619277278,0.08727544398970047,0.06980454507556284,0.08727544398970047,+,4,0,-0.000797343479688406,0.004743733459627541
135,renewable_forecast_total,day_ahead_forecast,0.08309371705083098,0.02547669849210574,-0.006397802233816509,0.024761651987943258,0.1110623180429766,0.10798849105461579,+,3,1,0.004521232523307939,0.006831176669389312
136,wind_deg_cos_seville_lag_24,historical_weather,0.08098545124678996,0.04046113175654933,-0.006654950254764509,-0.08569860365179041,0.04165878361211608,0.08569860365179041,-,0,4,-0.003691168851016391,0.008839529336780259
137,wind_deg_cos_bilbao_lag_24,historical_weather,0.07976110233539443,0.017383609226474823,0.013800682065623834,0.06386504400508435,0.0677825472677554,0.09036391596261542,+,3,1,-0.0005123511347726595,0.005875857191145176
138,wind_deg_cos_seville_lag_168,historical_weather,0.07774925556813908,0.03980776162766285,0.010683201673321095,0.08286925179960053,0.04314803344825802,0.08286925179960053,+,4,0,0.0023079216410701875,0.00832519974582386
139,wind_deg_sin_valencia_lag_168,historical_weather,0.075133294050184,0.018184467364313492,0.006902287019876117,-0.08919111547473642,0.02248783055657937,0.08919111547473642,-,0,4,0.00224558090095317,0.0029422861220709906
140,wind_deg_sin_madrid_lag_168,historical_weather,0.07032931897159095,0.011354585474414876,0.0019096981779104516,0.09135342525475339,0.013828820917823167,0.09135342525475339,+,4,0,-0.0021649497380260563,0.004282505835548951
141,wind_deg_cos_valencia_lag_24,historical_weather,0.07003216202549466,0.0425826683152587,-0.008469405064944662,-0.08054487099003815,0.04981309335505148,0.08054487099003815,-,0,4,-0.001806381835159021,0.004860861249908263
142,is_weekend,calendar,0.06481253228127763,0.04116858086258252,-0.0004841100524700027,0.07192631512366443,0.04567572418623476,0.07192631512366443,+,4,0,0.004903182415864071,0.004327450854353593
143,wind_deg_sin_barcelona_lag_168,historical_weather,0.06108017975925388,0.03511589529883048,0.005271856961656469,0.06394898586095112,0.03688898491018314,0.06394898586095112,+,4,0,-0.0027223605943498264,0.0032559185990262266
144,rain_1h_national_max_lag_24,weather_aggregate,0.0586350768230431,0.022208575810703554,0.031046781499639305,-0.17062356968494247,0.06741451882631959,0.17062356968494247,-,0,4,-0.0010646910080625016,0.0011059891174101158
145,wind_deg_sin_barcelona_lag_24,historical_weather,0.05762398420481067,0.030855308957981692,-0.0019744760203262894,-0.0585250290729187,0.03640442905819588,0.060789041611867704,-,1,3,0.0004728880572331118,0.0020056502108187716
146,pressure_seville_lag_168,historical_weather,0.05660001965165341,0.03737140812885798,0.031174229554580764,-0.01622567853496778,0.08395756456927783,0.07110164117178036,0,2,2,0.000996660418111972,0.0014239098424171754
147,pressure_valencia_lag_168,historical_weather,0.05656459945410439,0.020026157465503867,0.0016307211395748327,0.136918959276601,0.045742872906465434,0.136918959276601,+,4,0,0.004442606274151606,0.007677977547510028
148,wind_deg_cos_bilbao_lag_168,historical_weather,0.0553338563062209,0.06647285549302201,0.0031285001529035355,-0.047897954419151886,0.07487171649942903,0.05792601291391637,0,2,2,-0.003407688810230569,0.006306224425642334
149,rain_1h_seville_lag_168,historical_weather,0.049984176250694845,0.013396705196061188,-0.003112463237807588,0.1391557524283698,0.02521890828923844,0.1391557524283698,+,4,0,0.0038226188928591753,0.001957320533680752
150,wind_deg_cos_valencia_lag_168,historical_weather,0.04675816298407212,0.009351295397687365,0.0004227903221624724,0.033958695294043495,0.04259997383220948,0.05339050106255173,+,3,1,-0.002065271045769812,0.003028927489289071
151,rain_1h_barcelona_lag_24,historical_weather,0.04486867137340489,0.006491646930386817,-0.02683247151617916,0.2142248739577845,0.030345560949195577,0.2142248739577845,+,4,0,0.0004974656765661667,0.0006989675548121985
152,rain_1h_bilbao_lag_24,historical_weather,0.039505793441564914,0.007882955286921688,-0.018612041538586577,0.10015845073530856,0.018099635749234746,0.10015845073530856,+,4,0,0.0012472283103308612,0.001077024813006293
153,rain_3h_bilbao_lag_24,historical_weather,0.03553611616718544,0.04416610949326656,-0.00689099097259378,0.1644341588048011,0.09819916767032011,0.1644341588048011,+,4,0,-0.005016837526490736,0.008590528079508834
154,wind_deg_sin_bilbao_lag_168,historical_weather,0.02710241875519708,0.015303361177770635,-0.0040351072445807485,-0.034437652058086146,0.019553716765832452,0.034437652058086146,-,0,4,-0.0008464518590016734,0.0020803823151217984
155,rain_1h_madrid_lag_168,historical_weather,0.02650242813813335,0.011552459670295964,-0.00035116120334830717,0.06722158382519854,0.026241940418209885,0.06722158382519854,+,4,0,0.0031893724144498314,0.0031127141206856654
156,wind_deg_sin_valencia_lag_24,historical_weather,0.0244249398427921,0.01556428283661304,-0.0029434810834348215,0.025886156610428097,0.02112880447860335,0.02835806188097368,+,3,1,-6.185027945515564e-05,0.0004115914967902226
157,rain_1h_valencia_lag_168,historical_weather,0.024072151658631726,0.011714086852876258,-0.007871817032644642,0.111641222870489,0.0365253090964561,0.111641222870489,+,4,0,-0.0008608240642704601,0.0017677535772328322
158,rain_1h_seville_lag_24,historical_weather,0.022100534289667104,0.010544756406511454,-0.00010001720172599728,0.05883131921076513,0.020557974127449814,0.05883131921076513,+,4,0,0.000152204525940558,0.0007263457356042
159,wind_deg_sin_bilbao_lag_24,historical_weather,0.022023025118608663,0.012006421830200398,-0.002186964638028424,0.008114448975272586,0.030678318001966978,0.027518347839431113,0,2,2,-0.001185767999539511,0.0007608368513750954
160,wind_deg_sin_seville_lag_168,historical_weather,0.02053827091963168,0.009941487961850985,-0.002034561340015469,-0.011002671590363819,0.023857127298920845,0.02365397068066961,0,2,2,0.000846250273660587,0.0018466595408816475
161,wind_deg_cos_barcelona_lag_168,historical_weather,0.01770246993489048,0.015644748045968312,-0.0024565085261393925,-0.02096182475573798,0.018543681951808152,0.02096182475573798,-,0,4,9.465943809594535e-05,0.0006514329315054119
162,is_year_start,calendar,0.01644358482744392,0.015126219480693976,0.00015173093556241225,0.10538669290212682,0.10842762983714443,0.13331144245397059,+,3,1,0.0017678874518680665,0.0018798620693030088
163,rain_3h_valencia_lag_168,historical_weather,0.010864607398082699,0.00194659890777747,-0.009013523270954922,0.11565753729578507,0.015771286558483363,0.11565753729578507,+,4,0,0.00022688534727866028,0.0003929769489795487
164,rain_3h_bilbao_lag_168,historical_weather,0.010636464817394482,0.004637160290123244,-0.005827007922102245,0.07850261234952619,0.015289512558061222,0.07850261234952619,+,4,0,-0.0012739898873854738,0.0020448582491092654
165,is_year_end,calendar,0.010302836704642765,0.01286276598328071,0.003551625447908242,0.06498197310404488,0.05397775811009723,0.07150059296191646,+,3,1,0.004966891487578895,0.007941206543422572
166,rain_1h_madrid_lag_24,historical_weather,0.008508459798491486,0.001181438696147547,-0.00019734137893411073,0.021812737590670032,0.003970176880507254,0.021812737590670032,+,4,0,-0.0001942141860111768,0.0005967291428637426
167,rain_3h_valencia_lag_24,historical_weather,0.007230920617979074,0.002269910812947749,-0.005662209604173978,0.07474662074946581,0.006475542010167866,0.07474662074946581,+,4,0,-0.0004531382702737119,0.0007848585069679468
168,pressure_barcelona_lag_24,historical_weather,0.006796603655742667,0.0010204945158528748,0.006796603655742667,-0.24785378775907174,0.016609561298329745,0.24785378775907174,-,0,4,5.310421567594759e-06,6.608099564908459e-06
169,is_month_end,calendar,0.00640834520871724,0.003705441747265183,5.613735406051775e-07,-0.005283142889302948,0.020287995911542598,0.018148433243302665,0,2,2,7.017429914446538e-05,0.0005042816660543332
170,rain_3h_barcelona_lag_24,historical_weather,0.005403058462493519,0.0021985811836124024,-0.004259952687764667,0.04338867998438646,0.01290036905795738,0.04338867998438646,+,4,0,0.00027154183957134315,0.0007393909623560135
171,snow_3h_bilbao_lag_24,historical_weather,0.005395687764315299,0.0011694091742592866,-0.005395687764315299,0.08170009360784994,0.01134393961772282,0.08170009360784994,+,4,0,0.0,0.0
172,rain_1h_valencia_lag_24,historical_weather,0.004678384416470456,0.0024356393460539484,-0.002274541864160177,0.01474002109161851,0.02637586805705633,0.025417167719535453,0,2,2,-9.842911872226523e-05,0.00010156755427705699
173,rain_3h_madrid_lag_168,historical_weather,0.002916724059255137,0.0009925236005722538,-0.002916724059255137,0.04131159494634046,0.011923903551075551,0.04131159494634046,+,4,0,0.0,0.0
174,snow_3h_bilbao_lag_168,historical_weather,0.002622271272121492,0.001646205962370981,-0.002622271272121492,0.03838783187220236,0.020697825095385432,0.03838783187220236,+,4,0,0.0,0.0
175,rain_3h_madrid_lag_24,historical_weather,0.0021874170843242556,0.0003788272175891905,-0.0021874170843242556,0.031881521988247674,0.0066730650782096165,0.031881521988247674,+,4,0,0.0,0.0
176,rain_3h_seville_lag_168,historical_weather,0.0018310003569557687,0.0008893937139401262,0.001821996154992759,-0.024605853330802424,0.010182505282654452,0.024605853330802424,-,0,4,9.69386383342652e-06,1.6790264681149136e-05
177,rain_3h_barcelona_lag_168,historical_weather,0.001339075539887803,0.0008998530792948235,0.0006417605797402345,-0.006792115374125985,0.009997806390664839,0.010473749635449645,-,1,3,-8.182605736295478e-05,0.00019738394425293035
178,pressure_barcelona_lag_168,historical_weather,0.0013253137098491875,0.00039283367725996457,-0.0013253137098491875,0.04800788789063478,0.01221453038920448,0.04800788789063478,+,4,0,-4.00183510773644e-08,8.254413188547436e-07
179,snow_3h_valencia_lag_24,historical_weather,0.0009191769987612957,0.00018169879276903905,-0.0009191769987612957,0.05176330591850431,0.006256796816526842,0.05176330591850431,+,4,0,0.0,0.0
180,snow_3h_madrid_lag_24,historical_weather,0.0005563026890769596,0.0001120298543112245,0.0005563026890769596,-0.0757993433687491,0.009293595426057627,0.0757993433687491,-,0,4,0.0,0.0
181,rain_3h_seville_lag_24,historical_weather,0.0004945659154611536,0.00034767818479413786,-0.00039881354973468034,0.005526632314164512,0.006101422094328101,0.006817349332030275,+,3,1,2.5028166819041076e-06,4.335005655088867e-06
182,snow_3h_valencia_lag_168,historical_weather,0.0004896155366552225,0.00022743309500848762,0.0004896155366552225,-0.027153759515914512,0.010254706201749503,0.027153759515914512,-,0,4,0.0,0.0
183,snow_3h_madrid_lag_168,historical_weather,0.0003230818821886698,4.110023983958675e-05,0.0003230818821886698,-0.04444143566505192,0.0036199257492736496,0.04444143566505192,-,0,4,0.0,0.0
184,snow_3h_barcelona_lag_168,historical_weather,0.0,0.0,0.0,0.0,0.0,0.0,0,0,0,0.0,0.0
185,snow_3h_barcelona_lag_24,historical_weather,0.0,0.0,0.0,0.0,0.0,0.0,0,0,0,0.0,0.0
186,snow_3h_seville_lag_168,historical_weather,0.0,0.0,0.0,0.0,0.0,0.0,0,0,0,0.0,0.0
187,snow_3h_seville_lag_24,historical_weather,0.0,0.0,0.0,0.0,0.0,0.0,0,0,0,0.0,0.0
