fold,feature,feature_group,std_coef,mean_abs_shap,mean_shap,perm_mae_increase,n_val
1,clouds_all_barcelona_lag_168,historical_weather,2.1903760895483955,2.1450897246615037,0.25376102474923506,0.7780107042396267,2980
1,clouds_all_barcelona_lag_24,historical_weather,8.042848760256298,8.004231358724084,0.8428815531652994,6.925872294891584,2980
1,clouds_all_bilbao_lag_168,historical_weather,3.0765506031190726,3.0882357167170498,-0.6671603551795029,1.3470876812485475,2980
1,clouds_all_bilbao_lag_24,historical_weather,10.64315774718066,10.585340700300703,-1.7506156029457516,9.16799745626832,2980
1,clouds_all_madrid_lag_168,historical_weather,2.4248886804148904,2.385010747732763,0.6880557833900454,1.008691545272713,2980
1,clouds_all_madrid_lag_24,historical_weather,9.094620853321722,8.929421246241084,2.703521859086014,8.015079957262842,2980
1,clouds_all_national_mean_lag_168,weather_aggregate,-8.09368172366476,7.136503903777771,-1.1793118166253977,5.943109060100423,2980
1,clouds_all_national_mean_lag_24,weather_aggregate,-27.068065556979285,23.526197814907473,-4.329433174855756,27.931638415667262,2980
1,clouds_all_seville_lag_168,historical_weather,2.358759607726934,1.9249151783203184,0.19896027672815705,0.6997124287756389,2980
1,clouds_all_seville_lag_24,historical_weather,8.464401955864245,6.879774122424563,0.6875302412050293,5.486120610268597,2980
1,clouds_all_valencia_lag_168,historical_weather,2.6932759660114556,2.4657451738079224,0.700410950290971,1.058226633707954,2980
1,clouds_all_valencia_lag_24,historical_weather,8.344600039919955,7.599520238680094,1.8893341633033651,6.5015386104069846,2980
1,day_of_month,calendar,17.323927592116913,14.798427639897186,0.322878436621038,15.641945912401983,2980
1,day_of_week,calendar,-0.7741932239743637,0.6561762872126585,0.0010903300530694395,0.005323336436210191,2980
1,day_of_year,calendar,-186.1562447358454,288.75120127817064,-222.45374788648837,165.19203377144356,2980
1,day_of_year_cos,calendar,0.7050485682256966,0.6755608348213067,0.6553627979377619,0.16034788820970203,2980
1,day_of_year_sin,calendar,-1.114192591120006,1.168901084542519,1.1563959634444165,-0.16454375094827256,2980
1,dow_cos,calendar,-0.2024080251536515,0.182821082296184,0.0032481062024857297,0.026430804086685633,2980
1,dow_sin,calendar,-0.12010677128105984,0.10710985102052797,-0.001408746660594403,0.007477814734508925,2980
1,forecast_solar_day_ahead,day_ahead_forecast,-0.5832964617207235,0.46521376377632306,0.13051477581369467,0.09625647374324853,2980
1,forecast_solar_share_of_load,day_ahead_forecast,-2.547532212908166,2.0664893797330657,0.5566870538777268,0.7880877746441435,2980
1,forecast_wind_onshore_day_ahead,day_ahead_forecast,0.3788009280348022,0.3086993377763822,-0.06288430484037702,0.04699667958860676,2980
1,forecast_wind_share_of_load,day_ahead_forecast,-7.560995194658692,6.001340749596842,1.2540295965554569,3.9178464409480265,2980
1,fossil_generation_lag_168,historical_generation,-0.3184084814731846,0.296872111427934,-0.1094698331470077,0.011547465196353635,2980
1,fossil_generation_lag_24,historical_generation,-1.2367344625571288,1.1637613253285357,-0.4575087577042077,-0.22876078155835433,2980
1,fraction_high_price_last_14d,diğer,-0.6721270222537796,0.6599260935699907,-0.4041072347861891,-0.04194944272735501,2980
1,fraction_high_price_last_30d,diğer,1.5506461903765123,1.199863708385646,1.0242063303820634,0.37123006032096395,2980
1,fraction_high_price_last_7d,diğer,0.7504455979478304,0.8687694497279835,0.3950037907573571,0.3134525300563151,2980
1,generation_biomass_lag_168,historical_generation,0.04012813230911977,0.045852161750464644,-0.04528460621845924,-0.0036951808130982755,2980
1,generation_biomass_lag_24,historical_generation,-1.8848808486638031,2.098451197807964,2.070710952423255,0.10856120305534667,2980
1,generation_fossil_brown_coal_lignite_lag_168,historical_generation,-0.28346493529468403,0.2745886785689047,-0.15270572740531987,0.013461710538908989,2980
1,generation_fossil_brown_coal_lignite_lag_24,historical_generation,-0.371931004826587,0.3608071270776335,-0.20871759720901725,-0.09557393364337763,2980
1,generation_fossil_gas_lag_168,historical_generation,-2.179321744425286,2.5810068864901643,-1.3762421492211714,1.110154040889773,2980
1,generation_fossil_gas_lag_24,historical_generation,-4.774843254122658,5.786168403495396,-3.1848531826420485,3.924788556530996,2980
1,generation_fossil_hard_coal_lag_168,historical_generation,-1.9347749769226823,1.3366796443903806,-0.11699288476361867,0.3544870267441649,2980
1,generation_fossil_hard_coal_lag_24,historical_generation,-6.898573786469325,4.789760745462311,-0.5097625517087827,1.862365643995056,2980
1,generation_fossil_oil_lag_168,historical_generation,0.31259024434497545,0.23316003933216506,-0.2041983507837372,-0.017613604985448283,2980
1,generation_fossil_oil_lag_24,historical_generation,0.1378968106776358,0.09908445689778195,-0.0834547893202012,-0.010175123327591074,2980
1,generation_hydro_pumped_storage_consumption_lag_168,historical_generation,-0.20798769884644916,0.14993758756152586,0.020388834008360855,0.00945738657684192,2980
1,generation_hydro_pumped_storage_consumption_lag_24,historical_generation,-0.22720257662160417,0.16306925815696224,0.02181569896071553,0.02034786767378538,2980
1,generation_hydro_run_of_river_and_poundage_lag_168,historical_generation,-0.5362417175413917,0.5247703932213552,0.3252278053025177,-0.05544525242115661,2980
1,generation_hydro_run_of_river_and_poundage_lag_24,historical_generation,-5.6388871851803355,5.606284159706351,3.59144494725524,2.531811179153391,2980
1,generation_hydro_water_reservoir_lag_168,historical_generation,-5.874886969060496,5.155451273494824,2.0072618600100802,2.529356459159371,2980
1,generation_hydro_water_reservoir_lag_24,historical_generation,-20.626014056574995,18.236273787800858,7.546226021715377,16.506326578902822,2980
1,generation_nuclear_lag_168,historical_generation,-0.8308881970013338,0.8299696024417021,0.017192115180466854,0.16646764867432307,2980
1,generation_nuclear_lag_24,historical_generation,-2.833413464043583,2.838723473268019,0.1241749497296414,1.601806733065711,2980
1,generation_other_lag_168,historical_generation,-0.384480652734124,0.3032385381271308,0.24875065039425706,0.019347047921480787,2980
1,generation_other_lag_24,historical_generation,-0.24108862476945828,0.19108237102641268,0.1565485155474522,0.03143357799800217,2980
1,generation_other_renewable_lag_168,historical_generation,-0.7909777828594775,1.372505683259681,-1.2998547001659158,0.012014802362734223,2980
1,generation_other_renewable_lag_24,historical_generation,-0.11273154392466461,0.1991366003452967,-0.18872482767402768,-0.033946876756480115,2980
1,generation_solar_lag_168,historical_generation,-5.989782007290428,4.838166317902267,1.2049478188468317,2.566352919148433,2980
1,generation_solar_lag_24,historical_generation,-16.034283439365375,12.840027591951708,3.5726057480806346,10.802651830979151,2980
1,generation_waste_lag_168,historical_generation,-0.20634384342953183,0.25066165353917513,-0.2125604030205532,0.012499670174141109,2980
1,generation_waste_lag_24,historical_generation,-0.19773851329968092,0.24037206838988795,-0.20370350814945928,-0.010414541686235346,2980
1,generation_wind_onshore_lag_168,historical_generation,-9.889861733780846,8.082305751179788,1.8203701913789456,6.677702577334478,2980
1,generation_wind_onshore_lag_24,historical_generation,-31.983104963980455,25.89817625795267,5.460425601902466,29.310648919285985,2980
1,hour,calendar,-0.11269715293795846,0.09779590414343443,0.00010709006089940937,-0.006127157962494856,2980
1,hour_cos,calendar,-0.5680978457593487,0.5089161197618397,-0.001122729824440349,0.031972584629079925,2980
1,hour_sin,calendar,-0.7630846399469905,0.6825109180734105,-0.00019852450158442514,0.11571113432285962,2980
1,humidity_barcelona_lag_168,historical_weather,-0.3428681696409129,0.3610425064535763,-0.22490249040977148,0.0283233134014651,2980
1,humidity_barcelona_lag_24,historical_weather,-1.0255659304674725,1.1090337166298445,-0.7001041916815285,0.1795208714814036,2980
1,humidity_bilbao_lag_168,historical_weather,-0.24883798796201118,0.19917343526311557,-0.0449535589979829,0.0036703072960042604,2980
1,humidity_bilbao_lag_24,historical_weather,-1.2380431677613908,0.9772475950555454,-0.265912935690886,0.08388906874462077,2980
1,humidity_madrid_lag_168,historical_weather,0.06726921254208452,0.06640224150455898,0.03606526988346812,0.01180460022671248,2980
1,humidity_madrid_lag_24,historical_weather,-1.5441088309846558,1.4861715867003802,-0.9583599046520247,-0.05172188611903206,2980
1,humidity_national_mean_lag_168,weather_aggregate,1.333896843117088,1.4338267551081219,0.9593347514851637,0.35780285624339836,2980
1,humidity_national_mean_lag_24,weather_aggregate,4.906842819055182,5.293586721144461,3.841187633743222,2.5160946048758506,2980
1,humidity_seville_lag_168,historical_weather,-0.6795012545399503,0.5859054052019609,-0.3344418769073196,-0.037877270390488604,2980
1,humidity_seville_lag_24,historical_weather,-2.6344115468536575,2.2629372067545326,-1.4616704138137944,0.32878979309053946,2980
1,humidity_valencia_lag_168,historical_weather,-0.45975169176261116,0.429055537398709,-0.2624282256610404,0.014677859369380819,2980
1,humidity_valencia_lag_24,historical_weather,-1.7056885459211684,1.622898093656661,-0.9715267391083587,0.3099509807830607,2980
1,is_month_end,calendar,0.015190325969472875,0.005364312509505788,3.7197923235095454e-07,1.127681723556151e-05,2980
1,is_month_start,calendar,0.6825197521471504,0.24110134289578777,-0.006064467238958317,-0.10633143733309502,2980
1,is_weekend,calendar,0.12500664184581597,0.11261104249134382,-0.0010283933246568039,0.011741813720059113,2980
1,is_year_end,calendar,0.13527571628540938,0.03251514417894481,0.021736321010507632,0.018696516602960678,2980
1,is_year_start,calendar,0.21266353920136036,0.04212098669347055,0.01813762221963801,0.002631943772239076,2980
1,load_forecast_error_lag_24,historical_load,0.22654342571832944,0.14295233599034673,-0.0005993123711640719,0.00456363443711183,2980
1,month,calendar,188.28068367293696,287.21520453480014,223.2763045691646,165.6321277004937,2980
1,month_cos,calendar,-0.5190238306095313,0.6012156079020172,-0.6012156079020172,-0.07431013784427609,2980
1,month_sin,calendar,-1.6682910727520162,1.4395686017404072,1.2207651670129034,-0.15233143011254668,2980
1,pressure_barcelona_lag_168,historical_weather,0.047717710219108714,0.0014599711442789577,-0.0014599711442789577,4.4829550205349733e-07,2980
1,pressure_barcelona_lag_24,historical_weather,-0.2759289965981871,0.008440046414213965,0.008440046414213965,-3.30089790168131e-06,2980
1,pressure_bilbao_lag_168,historical_weather,0.13696756021289225,0.2000920601174515,-0.08493600530211973,0.06500761323125381,2980
1,pressure_bilbao_lag_24,historical_weather,0.1551795848251082,0.2304301270377737,-0.08897399204470996,0.07370698495592443,2980
1,pressure_madrid_lag_168,historical_weather,-0.16961259236651866,0.14984265520498624,0.001327363085341432,-0.01835651391840898,2980
1,pressure_madrid_lag_24,historical_weather,-0.5251669395179337,0.47013460681012753,-0.0020508567691896887,-0.011071709310389366,2980
1,pressure_seville_lag_168,historical_weather,0.10195053073493149,0.08493356397885454,0.024689807897058012,0.0026646961004175296,2980
1,pressure_seville_lag_24,historical_weather,-0.17374351678141137,0.1447061019106156,-0.05428561271752689,0.008534247101158243,2980
1,pressure_valencia_lag_168,historical_weather,0.06332948536961343,0.04801626126345594,-0.011544861305486907,0.009746646191283403,2980
1,pressure_valencia_lag_24,historical_weather,-0.20261320765826246,0.15654334848276416,0.033110878377408996,-0.00987639877544133,2980
1,price_day_ahead_lag_168,historical_target,0.051027914788240585,0.0417864551564472,0.01441036538367412,0.0012818419703428674,2980
1,price_day_ahead_lag_24,historical_target,11.870600015321234,9.981628993226408,3.817012187612948,10.063883138831176,2980
1,price_day_ahead_lag_48,historical_target,7.067052346190188,5.889453831300841,2.209766110472866,5.193475859637398,2980
1,price_max_lag24_lag48_lag168,historical_target,-0.6385794862453542,0.5371029532296031,-0.25579178113839773,-0.11239100683711456,2980
1,price_mean_lag24_lag48,historical_target,-15.633326242245273,13.647799349437637,-5.42265001367494,12.22730591376791,2980
1,price_mean_lag24_lag48_lag168,historical_target,4.9943643166284595,4.177280981804389,1.8338940866662194,3.2040800049858467,2980
1,price_min_lag24_lag48_lag168,historical_target,-0.23887384984445753,0.20390503718484707,-0.06099880677123815,-0.04144707500302225,2980
1,price_std_lag24_lag48_lag168,historical_target,0.7098152579047516,0.6725684535013247,0.06852778754489666,0.0676015989619545,2980
1,quarter,calendar,-1.4669722713763935,2.163310867264479,-1.7553856288504706,0.19948875184306747,2980
1,rain_1h_barcelona_lag_168,historical_weather,0.48434105189493226,0.11310528888639523,-0.04865559174687808,0.0025416031045155663,2980
1,rain_1h_barcelona_lag_24,historical_weather,0.23080337693891237,0.052497656069911844,-0.025055893564876478,-0.0006664105856586389,2980
1,rain_1h_bilbao_lag_168,historical_weather,0.3580980580663162,0.142591698577417,-0.07667645216386124,-0.0019246552748803936,2980
1,rain_1h_bilbao_lag_24,historical_weather,0.1045940635391814,0.042304704221450294,-0.02046270567670693,0.002730687596529613,2980
1,rain_1h_madrid_lag_168,historical_weather,0.027744934212872274,0.01169519547518048,0.0014992025558399375,0.0009573485550085081,2980
1,rain_1h_madrid_lag_24,historical_weather,0.017365143680242227,0.007319849751195538,0.0009383286904990563,0.00031203753798347833,2980
1,rain_1h_national_max_lag_168,weather_aggregate,-0.4522515830632685,0.16242423872985967,0.07061109311926352,0.01820139329905235,2980
1,rain_1h_national_max_lag_24,weather_aggregate,-0.17850496112957612,0.06296894968748813,0.02761929576122966,-0.0017575009759633886,2980
1,rain_1h_seville_lag_168,historical_weather,0.0958522294576675,0.0374793369448013,0.0019168716589055695,0.0030350843004116612,2980
1,rain_1h_seville_lag_24,historical_weather,0.0748963293822789,0.029285336196449973,0.0014977914646456577,-5.258228139570775e-05,2980
1,rain_1h_valencia_lag_168,historical_weather,0.14470478062517064,0.03841843643477181,-0.0007641103641232239,-0.0037715045112394208,2980
1,rain_1h_valencia_lag_24,historical_weather,-0.014644283495149492,0.0038879881657020283,7.732881211980958e-05,-0.00027219426917390876,2980
1,rain_3h_barcelona_lag_168,historical_weather,-0.00887762493361948,0.0012527147303434839,0.0009007438091670745,9.037511918918995e-05,2980
1,rain_3h_barcelona_lag_24,historical_weather,0.03812803001509068,0.0053802165777482045,-0.003868555750961416,-0.0004295046454592111,2980
1,rain_3h_bilbao_lag_168,historical_weather,0.05527320179059629,0.018555389578394362,0.00036431598708304294,-0.0048100120582672545,2980
1,rain_3h_bilbao_lag_24,historical_weather,0.33364163306054734,0.11200455700873538,0.0021990942616459805,-0.01989557283359389,2980
1,rain_3h_madrid_lag_168,historical_weather,0.04831233050845738,0.0037927940245539617,-0.0037927940245539617,0.0,2980
1,rain_3h_madrid_lag_24,historical_weather,0.02038883060721135,0.0016006397141437093,-0.0016006397141437093,0.0,2980
1,rain_3h_seville_lag_168,historical_weather,-0.03961835768873855,0.0032199427676608753,0.0032199427676608753,0.0,2980
1,rain_3h_seville_lag_24,historical_weather,0.003490505692304219,0.0002836873917822212,-0.0002836873917822212,0.0,2980
1,rain_3h_valencia_lag_168,historical_weather,0.09869403252885624,0.012898781757126953,-0.005494445248615846,0.0009075413891146411,2980
1,rain_3h_valencia_lag_24,historical_weather,0.08541827007952119,0.011111892705747545,-0.004837048650527163,-0.0018125530810948476,2980
1,renewable_forecast_total,day_ahead_forecast,0.06929648787064485,0.059989263861201465,-0.01858743296562761,0.0014491520160495597,2980
1,renewable_generation_lag_168,historical_generation,9.697833873361784,9.201228785325075,-4.475429336065769,6.946310512277917,2980
1,renewable_generation_lag_24,historical_generation,26.789038926878973,25.463035068304876,-12.59825689325241,24.621473650594247,2980
1,renewable_share_lag_168,historical_generation,-0.07246321917641489,0.07298115278310419,0.03628755410097166,0.00013334057021463508,2980
1,renewable_share_lag_24,historical_generation,2.74276863088205,2.7657466942051645,-1.4164944596429059,0.2692988109256351,2980
1,snow_3h_barcelona_lag_168,historical_weather,0.0,0.0,0.0,0.0,2980
1,snow_3h_barcelona_lag_24,historical_weather,0.0,0.0,0.0,0.0,2980
1,snow_3h_bilbao_lag_168,historical_weather,0.07275005133716393,0.00535996021811505,-0.00535996021811505,0.0,2980
1,snow_3h_bilbao_lag_24,historical_weather,0.09143035111568919,0.00673625702938842,-0.00673625702938842,0.0,2980
1,snow_3h_madrid_lag_168,historical_weather,-0.047554359926551534,0.0003895674236038595,0.0003895674236038595,0.0,2980
1,snow_3h_madrid_lag_24,historical_weather,-0.08523038884281828,0.0006982111218726882,0.0006982111218726882,0.0,2980
1,snow_3h_seville_lag_168,historical_weather,0.0,0.0,0.0,0.0,2980
1,snow_3h_seville_lag_24,historical_weather,0.0,0.0,0.0,0.0,2980
1,snow_3h_valencia_lag_168,historical_weather,-0.044061692288884,0.0008739105105246152,0.0008739105105246152,0.0,2980
1,snow_3h_valencia_lag_24,historical_weather,0.05850031165179926,0.0011602831068375863,-0.0011602831068375863,0.0,2980
1,temp_barcelona_lag_168,historical_weather,0.019202395809158005,0.015707861250247816,-0.006190686751456072,-0.005145481211543235,2980
1,temp_barcelona_lag_24,historical_weather,0.17534387789467878,0.1435648616122168,-0.0811571010458324,-0.0399524088163874,2980
1,temp_bilbao_lag_168,historical_weather,-0.06558898611415091,0.04993670978786558,0.018635843910405393,0.014749789919244805,2980
1,temp_bilbao_lag_24,historical_weather,0.037565947800960384,0.027927258259817612,-0.01483719755801242,-0.00704566822194419,2980
1,temp_madrid_lag_168,historical_weather,1.9462478555093288,1.438761029059291,-0.7449210107666963,-0.11060418322404697,2980
1,temp_madrid_lag_24,historical_weather,0.5140958515379752,0.3745038099071306,-0.255433656587519,-0.0769468458021576,2980
1,temp_national_mean_lag_168,weather_aggregate,0.04334217605327533,0.03129869261528707,-0.014614986984247685,-0.007310117886947687,2980
1,temp_national_mean_lag_24,weather_aggregate,-0.8618528532847495,0.6172478166761409,0.39330740106550915,0.21392229323398926,2980
1,temp_seville_lag_168,historical_weather,-0.763000981649418,0.48968477232117485,0.23427617262461767,0.12546424134139933,2980
1,temp_seville_lag_24,historical_weather,-1.9026784597193431,1.2269041360937858,0.7811945124303787,0.47797713334614667,2980
1,temp_valencia_lag_168,historical_weather,-0.8389681248892789,0.580179028528879,0.2455139077407268,0.1990063535724227,2980
1,temp_valencia_lag_24,historical_weather,0.12834621952084818,0.08808311584458065,-0.05110441252322387,-0.019225802895537214,2980
1,total_generation_lag_168,historical_generation,5.56447620013778,4.9869098197202995,-0.8269426822969668,3.1908450517367593,2980
1,total_generation_lag_24,historical_generation,14.451743577936734,13.144973680493072,-2.0106984030351405,13.36584301302582,2980
1,total_load_actual_lag_168,historical_load,-1.9643525690330648,1.6720776859654591,0.06661358810010258,0.2898202192346053,2980
1,total_load_actual_lag_24,historical_load,-2.574679067249485,2.200787501815717,0.08533126215508534,0.541587451855353,2980
1,total_load_actual_lag_48,historical_load,0.5866850663271291,0.5005152953710345,-0.02149768680374961,0.07755385444152996,2980
1,total_load_forecast,day_ahead_forecast,5.253024613184944,4.484343667554301,-0.1613824230571584,2.775151929272993,2980
1,week_of_year,calendar,-1.482533630341441,2.208977086488776,-1.7165154611225588,0.2516678063204507,2980
1,wind_deg_cos_barcelona_lag_168,historical_weather,-0.02024083238086186,0.017533800610286074,-0.005417084599060208,0.0006980283191513337,2980
1,wind_deg_cos_barcelona_lag_24,historical_weather,0.1517707476335818,0.12976651569281492,0.04448541938224691,0.007186114258399101,2980
1,wind_deg_cos_bilbao_lag_168,historical_weather,-0.17274884215159828,0.16879786489702575,0.01566656616848223,-0.014272982648955157,2980
1,wind_deg_cos_bilbao_lag_24,historical_weather,-0.052997743915062165,0.051308581466216634,0.0045115646710244105,-0.010276068421977591,2980
1,wind_deg_cos_madrid_lag_168,historical_weather,0.20785861081301896,0.20090329578444158,0.04168208171894933,0.004394487051496476,2980
1,wind_deg_cos_madrid_lag_24,historical_weather,0.1823010491015611,0.1754941666677191,0.04181113226813313,0.024290288396762172,2980
1,wind_deg_cos_seville_lag_168,historical_weather,0.15294428120088552,0.14206414491240277,0.03332989922861806,0.016703323019578775,2980
1,wind_deg_cos_seville_lag_24,historical_weather,-0.12757667120629526,0.11782020187576982,-0.03605966518951868,-0.017551463276293866,2980
1,wind_deg_cos_valencia_lag_168,historical_weather,-0.03886361153701647,0.03511287898980949,-0.00578705070043171,-0.0023650616161043914,2980
1,wind_deg_cos_valencia_lag_24,historical_weather,-0.10532408353191457,0.09469281986413672,-0.014650534099381912,0.0001954376260782098,2980
1,wind_deg_sin_barcelona_lag_168,historical_weather,0.08814312795595951,0.08403018852940387,0.009971874636797851,-0.006911195661558622,2980
1,wind_deg_sin_barcelona_lag_24,historical_weather,0.004528025077898017,0.004305321847009686,0.0004222515281342362,-0.0005601239660695256,2980
1,wind_deg_sin_bilbao_lag_168,historical_weather,-0.053580789366699355,0.042157276881444154,-0.013521012369175594,0.0020801185178953574,2980
1,wind_deg_sin_bilbao_lag_24,historical_weather,-0.029664209289317366,0.023364838157775635,-0.00680585794248669,-0.0007723288902496961,2980
1,wind_deg_sin_madrid_lag_168,historical_weather,0.09100821629163663,0.07185800502871699,0.022073473348454612,-0.00602700269336065,2980
1,wind_deg_sin_madrid_lag_24,historical_weather,0.5608216473598705,0.437153645732315,0.14080165393889824,-0.043515297858713886,2980
1,wind_deg_sin_seville_lag_168,historical_weather,0.011333647838351394,0.010503876319087536,0.0038119454490359974,0.0004348426816287443,2980
1,wind_deg_sin_seville_lag_24,historical_weather,-0.12725829286106188,0.11805942421308113,-0.04741384791956909,-0.0023964359105308475,2980
1,wind_deg_sin_valencia_lag_168,historical_weather,-0.10461628028872953,0.0846079878434195,0.012262367956735038,0.006649664123553833,2980
1,wind_deg_sin_valencia_lag_24,historical_weather,-0.00494381054109116,0.003987949966548006,0.0008458951687133386,0.00022361932982839505,2980
1,wind_speed_barcelona_lag_168,historical_weather,0.7909837854263437,0.7010553242667765,-0.4385464140048365,0.012054838978008853,2980
1,wind_speed_barcelona_lag_24,historical_weather,2.153698820126649,1.9331583880993988,-1.2262044889144679,0.4258731654785537,2980
1,wind_speed_bilbao_lag_168,historical_weather,0.3739431912452176,0.26542731287043625,-0.06709497551598015,0.0220591013102327,2980
1,wind_speed_bilbao_lag_24,historical_weather,2.2222157616734406,1.64615187672501,-0.3156947389835066,0.5444827804092576,2980
1,wind_speed_madrid_lag_168,historical_weather,0.6840201789354319,0.47862247178870454,-0.30896199271950875,-0.006874282829802958,2980
1,wind_speed_madrid_lag_24,historical_weather,2.8796296409231714,2.0474454599469025,-1.2988572910408993,0.4735238190631543,2980
1,wind_speed_national_mean_lag_168,weather_aggregate,-2.475447050939928,1.8742340869626986,1.2634174922919925,0.3367219586514931,2980
1,wind_speed_national_mean_lag_24,weather_aggregate,-8.250803633446289,6.280518153630044,4.1616416100811495,2.5783388290636653,2980
1,wind_speed_seville_lag_168,historical_weather,0.7282994147590455,0.5345733138619934,-0.14059945397095358,0.05471583025940063,2980
1,wind_speed_seville_lag_24,historical_weather,2.298038301374401,1.671958190663463,-0.5058447141031805,0.38069421459894137,2980
1,wind_speed_valencia_lag_168,historical_weather,0.9610380929560246,0.5635266053879414,-0.2852468815891295,0.0650598152432531,2980
1,wind_speed_valencia_lag_24,historical_weather,3.1469464826205686,1.8647615980703922,-0.8881258344587653,0.5929789638113849,2980
2,clouds_all_barcelona_lag_168,historical_weather,2.531343604741675,2.3719274035283817,-0.08084919485013074,0.7692638373887295,2980
2,clouds_all_barcelona_lag_24,historical_weather,7.177464422525134,6.650750440747631,-0.2701637585228253,4.777447254426948,2980
2,clouds_all_bilbao_lag_168,historical_weather,3.6253958185979918,3.2695039240243218,-0.6195610291787317,1.148770213757338,2980
2,clouds_all_bilbao_lag_24,historical_weather,9.412695887633701,8.410646640872223,-2.105454122773347,5.946584524579939,2980
2,clouds_all_madrid_lag_168,historical_weather,2.987614797051116,2.441349452158505,-0.040058571495425244,0.8806895085334121,2980
2,clouds_all_madrid_lag_24,historical_weather,8.204071478178081,6.746822808070165,-0.010041966288227821,5.039506768294044,2980
2,clouds_all_national_mean_lag_168,weather_aggregate,-9.334502242857498,7.712930571590312,0.7595168080880158,6.152823595374572,2980
2,clouds_all_national_mean_lag_24,weather_aggregate,-23.748122841906575,19.919263817270803,2.161786053438405,20.95358703033565,2980
2,clouds_all_seville_lag_168,historical_weather,2.7473630180115376,2.247954814946374,0.19007434934567596,0.7174375555700481,2980
2,clouds_all_seville_lag_24,historical_weather,7.29002072653337,5.972971286191777,0.6011009617450394,4.232573110642371,2980
2,clouds_all_valencia_lag_168,historical_weather,2.9555101544140463,2.128604361872877,-0.17879008664285373,0.827674906804396,2980
2,clouds_all_valencia_lag_24,historical_weather,7.4981686502045495,5.376795840536615,-0.4292098560877908,4.060395188886562,2980
2,day_of_month,calendar,17.40827172540332,14.456767859551427,-0.04419115549536799,14.350975146845737,2980
2,day_of_week,calendar,-0.7390863147497051,0.6346400187446326,0.010800456777010083,0.011959811903827777,2980
2,day_of_year,calendar,-204.47587047712886,196.94295638446957,196.94295638446957,72.19274450418965,2980
2,day_of_year_cos,calendar,1.2072691547356833,0.8379337309126924,0.31275762448023464,0.10617055734591663,2980
2,day_of_year_sin,calendar,1.3465395044100659,1.5229779011020073,1.5229779011020073,-0.05583139042986218,2980
2,dow_cos,calendar,-0.21697723392231583,0.19743690926412186,-0.0027462188840620978,0.014334637699231045,2980
2,dow_sin,calendar,-0.12231452829699399,0.10800573345863276,-0.0021644364966098132,0.007180178656014391,2980
2,forecast_solar_day_ahead,day_ahead_forecast,-1.3342998486696553,1.1053805399199295,0.08271311488698388,0.24234134179061328,2980
2,forecast_solar_share_of_load,day_ahead_forecast,-1.7636733802576368,1.4741081744398652,0.09739814777884936,0.4302287740340329,2980
2,forecast_wind_onshore_day_ahead,day_ahead_forecast,0.5107810646036182,0.39914012406654936,0.05563680546381688,0.0602635394112232,2980
2,forecast_wind_share_of_load,day_ahead_forecast,-7.300725589549768,5.672032252662076,-0.6333485378521144,3.536572164958897,2980
2,fossil_generation_lag_168,historical_generation,-1.4386103000027066,1.2315209080550815,-0.02543709478414303,0.11779058458282154,2980
2,fossil_generation_lag_24,historical_generation,-3.7145841366077965,3.176887187283572,0.011806220943088013,1.3369297636348252,2980
2,fraction_high_price_last_14d,diğer,-1.6298164920993556,1.2836157979795522,0.1118493016363442,0.11214731466114358,2980
2,fraction_high_price_last_30d,diğer,2.80355774909777,1.7976945102570174,-0.43841850451735925,0.3980375954080353,2980
2,fraction_high_price_last_7d,diğer,0.9167013718520264,0.8188944688701447,0.021519208487714454,0.20918464233123046,2980
2,generation_biomass_lag_168,historical_generation,-0.26626938631937475,0.32201340848676185,0.32201340848676185,0.012033123259051592,2980
2,generation_biomass_lag_24,historical_generation,-1.869769517719632,2.2550969491771626,2.2550969491771626,0.1874648747118517,2980
2,generation_fossil_brown_coal_lignite_lag_168,historical_generation,-0.1481140259634342,0.09911425831511352,-0.02086606402029792,-0.011563372824519469,2980
2,generation_fossil_brown_coal_lignite_lag_24,historical_generation,0.14905443988576153,0.09582044598471325,0.015365054178489119,-0.0014686712552887116,2980
2,generation_fossil_gas_lag_168,historical_generation,-1.668461327822078,1.4742359653630916,-0.52641706086805,0.33981886026560826,2980
2,generation_fossil_gas_lag_24,historical_generation,-4.204185151377119,3.716077995017102,-1.20145531647858,2.353341702753238,2980
2,generation_fossil_hard_coal_lag_168,historical_generation,-1.6182272005086609,1.290910479479785,0.40645788709931785,0.10621121983475756,2980
2,generation_fossil_hard_coal_lag_24,historical_generation,-5.102339643994708,4.056298856299268,1.3176970578117164,1.62724013034539,2980
2,generation_fossil_oil_lag_168,historical_generation,0.11829172780282848,0.07002418967285576,-0.04568720389516919,-0.0014939550745332042,2980
2,generation_fossil_oil_lag_24,historical_generation,-0.36848728057824637,0.2175487834948497,0.1467736194902608,0.023763027747956578,2980
2,generation_hydro_pumped_storage_consumption_lag_168,historical_generation,-0.31439942185329905,0.2319841497924696,0.021170849832727857,0.01984277484645247,2980
2,generation_hydro_pumped_storage_consumption_lag_24,historical_generation,-0.22928795465162913,0.16810377555923828,0.017736240973913783,-0.003814416515026231,2980
2,generation_hydro_run_of_river_and_poundage_lag_168,historical_generation,-0.5545072699595122,0.37923557618793136,0.08340117636455466,0.11309899757928843,2980
2,generation_hydro_run_of_river_and_poundage_lag_24,historical_generation,-5.8856647763719305,3.80052184561767,0.448997300210469,2.328839445255949,2980
2,generation_hydro_water_reservoir_lag_168,historical_generation,-5.591227531794883,4.377961489853873,2.7884934552611034,1.6540690278341623,2980
2,generation_hydro_water_reservoir_lag_24,historical_generation,-21.49288044944877,16.404729664872587,10.205325387308598,11.588863238448418,2980
2,generation_nuclear_lag_168,historical_generation,-0.8745479796829074,0.7641535602381127,-0.4099052156436189,0.06484566751436294,2980
2,generation_nuclear_lag_24,historical_generation,-3.1307079204306154,2.819310798920485,-1.3242782777419604,0.6306986635899898,2980
2,generation_other_lag_168,historical_generation,-0.11840189809467574,0.11563901919138891,0.11552232805183282,0.018016634012464117,2980
2,generation_other_lag_24,historical_generation,-0.493452357709677,0.47096596365374715,0.4703897972810353,0.05137300819156998,2980
2,generation_other_renewable_lag_168,historical_generation,-0.8751863984353886,1.7796665412747703,-1.7756068966725078,0.008457346727990256,2980
2,generation_other_renewable_lag_24,historical_generation,0.06123686259034352,0.12180499063674163,0.12150488391175894,0.0039954307574294745,2980
2,generation_solar_lag_168,historical_generation,-5.3293830811505165,4.343329234201482,0.43333168643973496,2.264867577198678,2980
2,generation_solar_lag_24,historical_generation,-16.475667587740215,13.487198240416584,1.1861864111374834,12.625690691950158,2980
2,generation_waste_lag_168,historical_generation,0.03074627698476302,0.03441678020906207,0.0341681573664229,0.0013172369623548619,2980
2,generation_waste_lag_24,historical_generation,-0.48554518862551094,0.516024290480536,-0.511827999427552,-0.0021671147745454533,2980
2,generation_wind_onshore_lag_168,historical_generation,-9.364124820044003,7.448210466561787,-1.4298100972395937,6.041314815236574,2980
2,generation_wind_onshore_lag_24,historical_generation,-33.345772383651585,26.096816867838516,-3.7634566496792514,30.14742866522856,2980
2,hour,calendar,-0.06992659437589879,0.06061919942775944,8.248112567979452e-05,0.00020362912073945694,2980
2,hour_cos,calendar,-0.6227647534686491,0.5571430905617475,-0.0003364030754434077,-0.005448809486270356,2980
2,hour_sin,calendar,-0.8643361852016251,0.7741812319090353,-0.0014340568282776088,0.0417946835369678,2980
2,humidity_barcelona_lag_168,historical_weather,-0.38608632363739764,0.3701065941698064,0.021030142908301852,0.02613018177941928,2980
2,humidity_barcelona_lag_24,historical_weather,-0.9153290761519169,0.8885593278430975,0.10225560658012738,0.12298955646909437,2980
2,humidity_bilbao_lag_168,historical_weather,-0.5512579202497069,0.47459369127569545,0.09862418888457282,0.07395814920117694,2980
2,humidity_bilbao_lag_24,historical_weather,-1.109236388141341,0.960224700061617,0.24846432404844546,0.18352863436430056,2980
2,humidity_madrid_lag_168,historical_weather,-0.3149851105368457,0.2467382493865288,-0.04027076379567744,0.022399634612379593,2980
2,humidity_madrid_lag_24,historical_weather,-1.4558831743404879,1.1482628674539377,-0.13885438714603496,0.23003858305292457,2980
2,humidity_national_mean_lag_168,weather_aggregate,2.095667627159258,1.8890887751072627,0.1593186071413692,0.5066543848962946,2980
2,humidity_national_mean_lag_24,weather_aggregate,4.847275461295887,4.39097870740089,0.06390663415088932,2.483491071690689,2980
2,humidity_seville_lag_168,historical_weather,-0.978436585834001,0.819707074181317,-0.22878676868001754,0.08478103473879539,2980
2,humidity_seville_lag_24,historical_weather,-2.360460709674006,1.9712568584178405,-0.44148840796404315,0.4478847766794978,2980
2,humidity_valencia_lag_168,historical_weather,-0.5315264014955675,0.45655872568586225,-0.020365000837605285,0.04725368058190327,2980
2,humidity_valencia_lag_24,historical_weather,-1.7174675867262044,1.472928471994414,0.006451699363858368,0.25376119362799887,2980
2,is_month_end,calendar,0.01054025473852656,0.0037221861084057277,2.1509310075611418e-07,-4.006557111946307e-05,2980
2,is_month_start,calendar,0.2443798607567082,0.086319432004335,-0.001816504885128126,0.023876257591562755,2980
2,is_weekend,calendar,0.07185558944837644,0.06459256263698797,-0.0008131051037743287,0.002875721079206528,2980
2,is_year_end,calendar,0.08611236761318808,0.004467471263357227,-0.004467471263357227,0.0,2980
2,is_year_start,calendar,0.19586820348243456,0.012453695089352615,-0.012453695089352615,0.0,2980
2,load_forecast_error_lag_24,historical_load,0.20443222502754743,0.12246386278519504,0.015169481523455283,0.005758492729939668,2980
2,month,calendar,205.30340959032193,198.23272069753128,-198.23272069753128,77.36230859420286,2980
2,month_cos,calendar,-0.5400523627453382,0.36677899912297207,0.02460499600260018,-0.010341558344380886,2980
2,month_sin,calendar,-4.300914068384596,4.839545483354141,-4.839545483354141,0.3620256998889504,2980
2,pressure_barcelona_lag_168,historical_weather,0.06628268792052922,0.0018599235601113458,-0.0018599235601113458,5.215923524204413e-07,2980
2,pressure_barcelona_lag_24,historical_weather,-0.2438105905496797,0.006841366005975045,0.006841366005975045,2.4742083173379115e-06,2980
2,pressure_bilbao_lag_168,historical_weather,0.4622038041532702,0.3173171116044257,0.0223030593952359,0.04631579391018814,2980
2,pressure_bilbao_lag_24,historical_weather,0.3940632346461925,0.2645058644062083,0.004819814515218487,0.034949474849782725,2980
2,pressure_madrid_lag_168,historical_weather,-0.12957072125970884,0.06932871417385382,-0.03942732312254971,-0.0011067963845379225,2980
2,pressure_madrid_lag_24,historical_weather,-0.5084011444181182,0.26830850671793577,-0.15087058363776717,-0.019909388115885385,2980
2,pressure_seville_lag_168,historical_weather,0.007801394538693658,0.005479390509854485,-0.0012712409654174587,-0.00023017987122653238,2980
2,pressure_seville_lag_24,historical_weather,-0.15951941906186667,0.11069722412414758,0.032664732352475905,0.007653964353925957,2980
2,pressure_valencia_lag_168,historical_weather,0.18744489152655394,0.06959324864300441,0.00706473456148458,0.012964749068514081,2980
2,pressure_valencia_lag_24,historical_weather,-0.2713331500088981,0.10080767497151988,-0.008434990547964044,-0.012101134521203427,2980
2,price_day_ahead_lag_168,historical_target,-0.583738245062746,0.47071526654782886,-0.29226363424095114,-0.02369628884546149,2980
2,price_day_ahead_lag_24,historical_target,14.378642388805535,11.387043115317582,6.885273860035263,11.138992954302253,2980
2,price_day_ahead_lag_48,historical_target,9.63180912666706,7.762570535405934,4.753524686513007,6.806652515104962,2980
2,price_max_lag24_lag48_lag168,historical_target,-1.595142449955494,1.50292955578053,-0.995921457054464,0.25487397003799117,2980
2,price_mean_lag24_lag48,historical_target,-20.578600046376657,15.952637543328395,-10.886274236692055,15.625612296788429,2980
2,price_mean_lag24_lag48_lag168,historical_target,6.8778006116705,5.660780936601969,4.098899747678568,4.111729971679652,2980
2,price_min_lag24_lag48_lag168,historical_target,-0.45672458459943954,0.351847592120004,-0.2402907643998101,-0.02004014211917937,2980
2,price_std_lag24_lag48_lag168,historical_target,0.8793721968687098,0.6906364423632644,-0.040626678794938864,0.08219047909862631,2980
2,quarter,calendar,-1.507249342184974,1.4600746863790162,1.4600746863790162,-0.011807150530318111,2980
2,rain_1h_barcelona_lag_168,historical_weather,0.632883330289029,0.13620890936012967,-0.07767734428047815,-0.003214994981245667,2980
2,rain_1h_barcelona_lag_24,historical_weather,0.16307027334756008,0.03509592213715769,-0.020014535315610423,0.001133266986161452,2980
2,rain_1h_bilbao_lag_168,historical_weather,0.40813823226774776,0.158750426650162,-0.08671061864467182,0.005378989532129452,2980
2,rain_1h_bilbao_lag_24,historical_weather,0.0727612587212784,0.027918826810869456,-0.01714104365679105,0.00015287100026828426,2980
2,rain_1h_madrid_lag_168,historical_weather,0.09401591909050024,0.034960097499889084,-0.0033684270263821697,0.00018524492088722866,2980
2,rain_1h_madrid_lag_24,historical_weather,0.01996364647202107,0.007701567487584022,-0.0004020160364482977,-0.000435735912865276,2980
2,rain_1h_national_max_lag_168,weather_aggregate,-0.6861564796523791,0.23536540561743102,0.1264875164826321,0.009319186652605005,2980
2,rain_1h_national_max_lag_24,weather_aggregate,-0.06985435176883491,0.024306583540118516,0.013318374125339365,-0.0007914646074045351,2980
2,rain_1h_seville_lag_168,historical_weather,0.14901644550773246,0.06161175903491535,0.00687376895393122,0.005423007299304672,2980
2,rain_1h_seville_lag_24,historical_weather,0.08307562834386394,0.035290976154002104,0.004866225790678445,-0.00037864506834761613,2980
2,rain_1h_valencia_lag_168,historical_weather,0.15093629403226796,0.032758723390432835,-0.012242333661866318,-0.00043244905307737724,2980
2,rain_1h_valencia_lag_24,historical_weather,-0.0067100097606843925,0.0014563187410070277,0.0005442440394562459,-1.906554686303963e-05,2980
2,rain_3h_barcelona_lag_168,historical_weather,-0.020645599525877398,0.0028304781359888773,0.0018669532042220251,-0.0004176793486410091,2980
2,rain_3h_barcelona_lag_24,historical_weather,0.06558343228172912,0.00899138196126778,-0.005930619689139161,0.0015156720037445837,2980
2,rain_3h_bilbao_lag_168,historical_weather,0.0832731186326358,0.008238765180707637,-0.008238765180707637,0.0,2980
2,rain_3h_bilbao_lag_24,historical_weather,0.11354140671279997,0.011233408854551567,-0.011233408854551567,0.0,2980
2,rain_3h_madrid_lag_168,historical_weather,0.054635275536971346,0.003913503531142875,-0.003913503531142875,0.0,2980
2,rain_3h_madrid_lag_24,historical_weather,0.036810512741713514,0.002636722706750252,-0.002636722706750252,0.0,2980
2,rain_3h_seville_lag_168,historical_weather,-0.01847711680268827,0.0013867573296627424,0.0013507405218107036,3.877545533370608e-05,2980
2,rain_3h_seville_lag_24,historical_weather,0.014311580077291778,0.0010741225908337303,-0.0010462255203542179,1.001126672761643e-05,2980
2,rain_3h_valencia_lag_168,historical_weather,0.13863562428858103,0.012428959265884915,-0.012428959265884915,0.0,2980
2,rain_3h_valencia_lag_24,historical_weather,0.07283925637685423,0.006530184107518546,-0.006530184107518546,0.0,2980
2,renewable_forecast_total,day_ahead_forecast,-0.16645367813334505,0.12566431248512935,-0.012087343717281235,-0.003561430975875801,2980
2,renewable_generation_lag_168,historical_generation,9.648459833690668,6.5731941258688416,-1.7601024815530992,4.622534657225706,2980
2,renewable_generation_lag_24,historical_generation,28.98522787547998,19.46016876467252,-5.468762170118288,20.383287185469076,2980
2,renewable_share_lag_168,historical_generation,-0.6459035051533271,0.4330207749333321,0.11121390386324502,0.08571413352286328,2980
2,renewable_share_lag_24,historical_generation,3.0277014250235927,2.0129055315955084,-0.48135140743567945,0.7021478679352082,2980
2,snow_3h_barcelona_lag_168,historical_weather,0.0,0.0,0.0,0.0,2980
2,snow_3h_barcelona_lag_24,historical_weather,0.0,0.0,0.0,0.0,2980
2,snow_3h_bilbao_lag_168,historical_weather,0.03583878310702136,0.002409347311284971,-0.002409347311284971,0.0,2980
2,snow_3h_bilbao_lag_24,historical_weather,0.09365511639387629,0.0062961876299721855,-0.0062961876299721855,0.0,2980
2,snow_3h_madrid_lag_168,historical_weather,-0.03840776975913721,0.00028722562817864815,0.00028722562817864815,0.0,2980
2,snow_3h_madrid_lag_24,historical_weather,-0.08119786627177125,0.0006072237022074614,0.0006072237022074614,0.0,2980
2,snow_3h_seville_lag_168,historical_weather,0.0,0.0,0.0,0.0,2980
2,snow_3h_seville_lag_24,historical_weather,0.0,0.0,0.0,0.0,2980
2,snow_3h_valencia_lag_168,historical_weather,-0.022393303428347063,0.00040543753587027624,0.00040543753587027624,0.0,2980
2,snow_3h_valencia_lag_24,historical_weather,0.053122400253183384,0.000961797133999467,-0.000961797133999467,0.0,2980
2,temp_barcelona_lag_168,historical_weather,-0.2589449240537591,0.20848493303389198,0.17941039341470047,0.015665750009804746,2980
2,temp_barcelona_lag_24,historical_weather,-0.27114301574420524,0.20576458285549637,0.15849872649369243,0.020548665372237096,2980
2,temp_bilbao_lag_168,historical_weather,-0.35942878278874124,0.26806325468154285,0.1770584679425143,0.02542083777773385,2980
2,temp_bilbao_lag_24,historical_weather,-0.1425672365974532,0.10421540461794153,0.058722112661161785,0.0040170880733390035,2980
2,temp_madrid_lag_168,historical_weather,1.2244781854975493,0.879598358218873,-0.5944204072718788,0.03462347480100991,2980
2,temp_madrid_lag_24,historical_weather,0.15230983763462227,0.105604173579429,-0.06327924254980874,0.0025267171234517605,2980
2,temp_national_mean_lag_168,weather_aggregate,0.3491860814963513,0.25511610210308794,-0.1866960390932697,-0.00516950979891817,2980
2,temp_national_mean_lag_24,weather_aggregate,0.6112648434873968,0.42889271273480173,-0.27440327942900117,0.012193523002717477,2980
2,temp_seville_lag_168,historical_weather,-0.797552575851796,0.538109570161604,0.3267273921812444,0.05351141092717793,2980
2,temp_seville_lag_24,historical_weather,-2.17022472948555,1.40077262046177,0.7316357605273499,0.3081860993401033,2980
2,temp_valencia_lag_168,historical_weather,-0.39126335454685507,0.28133714764287565,0.1984267030603926,0.028353619446448874,2980
2,temp_valencia_lag_24,historical_weather,0.017301657842245872,0.01214684105246123,-0.007296811069427716,-0.0004458298960008378,2980
2,total_generation_lag_168,historical_generation,5.310792153091332,4.828633754210069,-0.35209458507785624,3.105353323922391,2980
2,total_generation_lag_24,historical_generation,15.003317114508597,13.617921312145052,-1.5261380267379983,14.321046382292327,2980
2,total_load_actual_lag_168,historical_load,-1.6449496909651973,1.4686710550993618,-0.12996788656136427,0.3442743008525948,2980
2,total_load_actual_lag_24,historical_load,-2.8402416586544144,2.5077742461326515,-0.17726611433495634,0.9331700082779868,2980
2,total_load_actual_lag_48,historical_load,0.2396188499162477,0.2128879391089556,0.016731899946793423,0.006625457198451201,2980
2,total_load_forecast,day_ahead_forecast,5.276234814229032,4.585275856856359,0.275665427802917,2.740742046653394,2980
2,week_of_year,calendar,-1.6085838860815094,1.5916882037352025,1.5916882037352025,0.06351374682402255,2980
2,wind_deg_cos_barcelona_lag_168,historical_weather,-0.05116843391154517,0.04307707539590035,-0.0037197613708602507,-0.0009677034373760662,2980
2,wind_deg_cos_barcelona_lag_24,historical_weather,0.1226888787585962,0.10213152778451184,0.0046964234820327,0.006924116679540404,2980
2,wind_deg_cos_bilbao_lag_168,historical_weather,-0.038899092514538255,0.035301263738112015,-0.005138668839902368,0.0012452648273493239,2980
2,wind_deg_cos_bilbao_lag_24,historical_weather,0.09672182552705831,0.08772509869060376,0.011062996376690061,0.003073637593920431,2980
2,wind_deg_cos_madrid_lag_168,historical_weather,0.039285053481917256,0.03858957293372953,0.0031156096922638874,0.002291338658848119,2980
2,wind_deg_cos_madrid_lag_24,historical_weather,0.23322734607718512,0.2279224120116926,0.009071641659056846,0.008843058532405301,2980
2,wind_deg_cos_seville_lag_168,historical_weather,0.0793139890116873,0.07375734041675532,0.012562291619570358,-0.002590081421026902,2980
2,wind_deg_cos_seville_lag_24,historical_weather,-0.061404570067927516,0.05659390166947223,-0.006992030516259512,0.005640782317581916,2980
2,wind_deg_cos_valencia_lag_168,historical_weather,0.047542022750984715,0.04032784173938176,0.005639148428693438,0.0022384778656148185,2980
2,wind_deg_cos_valencia_lag_24,historical_weather,-0.15012818527169972,0.127272294215918,-0.016701914586303525,-0.010161395988450117,2980
2,wind_deg_sin_barcelona_lag_168,historical_weather,0.10999794168783676,0.10457736820136466,0.003139089184943646,-0.0048316256440443794,2980
2,wind_deg_sin_barcelona_lag_24,historical_weather,-0.07955647680100474,0.0765194004524798,-0.003857015658143033,0.0037484911399392473,2980
2,wind_deg_sin_bilbao_lag_168,historical_weather,-0.04207547985565092,0.03322496853291932,-0.003231326159598205,-0.002738485581307515,2980
2,wind_deg_sin_bilbao_lag_24,historical_weather,-0.009143588438999685,0.00717789412695709,-0.0007322004050785123,-0.0006112231107326949,2980
2,wind_deg_sin_madrid_lag_168,historical_weather,0.07150760008605327,0.05395077929771814,6.975069888778717e-07,0.004051829118862038,2980
2,wind_deg_sin_madrid_lag_24,historical_weather,0.48589478289870414,0.3706537844029548,0.0002794044729730528,-0.010554084719326617,2980
2,wind_deg_sin_seville_lag_168,historical_weather,-0.038848083928517886,0.033629231422817485,-0.006778688940671125,0.00014042262630287183,2980
2,wind_deg_sin_seville_lag_24,historical_weather,-0.11834449009597986,0.10259082431504084,-0.018746809835432064,0.005429479488897826,2980
2,wind_deg_sin_valencia_lag_168,historical_weather,-0.11772728815346459,0.09982877908957935,0.0117351369072472,0.0007021240760680669,2980
2,wind_deg_sin_valencia_lag_24,historical_weather,0.04990304630349939,0.04219094104413037,-0.0034636585463107467,-0.0007711875391063217,2980
2,wind_speed_barcelona_lag_168,historical_weather,1.0201038976093124,0.8990009593205655,-0.35852875139666646,0.0839449380395818,2980
2,wind_speed_barcelona_lag_24,historical_weather,2.3061128041738437,2.0268272143279,-0.7975009115659573,0.6097266545921025,2980
2,wind_speed_bilbao_lag_168,historical_weather,0.6091415553832791,0.5826800335757886,0.20512600065744294,0.06083898144276567,2980
2,wind_speed_bilbao_lag_24,historical_weather,2.289451437142461,2.0892784199101007,0.6386901262465122,0.742549613489313,2980
2,wind_speed_madrid_lag_168,historical_weather,0.9378633118910462,0.8315161227916784,0.1296120253155895,0.09910032701457805,2980
2,wind_speed_madrid_lag_24,historical_weather,2.8741890388312346,2.521164506843411,0.41581524868355657,1.1426178581756155,2980
2,wind_speed_national_mean_lag_168,weather_aggregate,-3.534017788092842,2.982025842944573,-0.29869922641801727,1.394044557176616,2980
2,wind_speed_national_mean_lag_24,weather_aggregate,-8.384667269899213,7.046506681789883,-0.6777873796127647,5.313348210415344,2980
2,wind_speed_seville_lag_168,historical_weather,0.9993003015202319,0.913765209545363,0.03599890919253326,0.1375746051398119,2980
2,wind_speed_seville_lag_24,historical_weather,2.3070696646616424,2.1210135628430233,0.17743328309078177,0.6769601715090356,2980
2,wind_speed_valencia_lag_168,historical_weather,1.3000940984497347,0.9623557911410984,0.16885275757145293,0.19183637676135845,2980
2,wind_speed_valencia_lag_24,historical_weather,3.1280539861408334,2.303839191386406,0.3702249181351067,0.9557768091220806,2980
3,clouds_all_barcelona_lag_168,historical_weather,3.137962310030402,2.2583083093737786,-0.7941669949503093,0.6968449666950365,2981
3,clouds_all_barcelona_lag_24,historical_weather,8.280302523150842,6.147926910676866,-1.5932413196855741,4.508397332102496,2981
3,clouds_all_bilbao_lag_168,historical_weather,4.362146040890337,3.9100265145651867,0.3021113647501923,1.6447898463804007,2981
3,clouds_all_bilbao_lag_24,historical_weather,10.446182083414463,9.26368767078027,1.2174400160397034,7.512901397778728,2981
3,clouds_all_madrid_lag_168,historical_weather,3.6933421322778717,2.4154803707922263,-1.7733010168207957,0.5698729029199718,2981
3,clouds_all_madrid_lag_24,historical_weather,9.260383255854244,6.037493237152722,-4.664627110934385,2.0066988017571044,2981
3,clouds_all_national_mean_lag_168,weather_aggregate,-11.387911405347484,7.090368779976958,4.435023512516877,5.213180184714543,2981
3,clouds_all_national_mean_lag_24,weather_aggregate,-26.84652525165949,16.370686918553186,9.52337688841092,14.925679273554813,2981
3,clouds_all_seville_lag_168,historical_weather,3.397729253572459,2.0698593295117815,-1.458932254886545,0.45765454040388676,2981
3,clouds_all_seville_lag_24,historical_weather,8.283048631356099,5.060767467921406,-3.7133817119275894,1.3903732665065087,2981
3,clouds_all_valencia_lag_168,historical_weather,3.58857719023506,1.8145158304231646,-0.4862145914459454,0.424888183000081,2981
3,clouds_all_valencia_lag_24,historical_weather,8.413763043887156,4.343491631418817,-0.9118023193653391,3.0880468855362375,2981
3,day_of_month,calendar,19.934883612881958,17.395606852926072,0.7540946463682352,18.074304720805284,2981
3,day_of_week,calendar,-0.4437713239238536,0.38473508041837057,-0.00032986420233228143,0.0050531735972896286,2981
3,day_of_year,calendar,-233.92355826988853,90.7342796700969,-78.39816247472623,88.75480284240025,2981
3,day_of_year_cos,calendar,0.9739548750545404,1.1595846215100822,-1.1595846215100822,-0.0037857384733275268,2981
3,day_of_year_sin,calendar,2.9443825325623916,2.272361871294636,-1.5314648532365245,0.903243115045262,2981
3,dow_cos,calendar,-0.033364782787142305,0.03022252087064305,-0.0005486837065202545,-0.0012069652937016784,2981
3,dow_sin,calendar,-0.05613656846108987,0.049764592558495795,0.0005393009648797733,0.004537696518774226,2981
3,forecast_solar_day_ahead,day_ahead_forecast,-1.9232620642382534,1.8468218943724284,-0.5565854039510563,0.7066463884708174,2981
3,forecast_solar_share_of_load,day_ahead_forecast,-0.965121453110173,0.8775002321407315,-0.24417578794537095,0.22106478608667324,2981
3,forecast_wind_onshore_day_ahead,day_ahead_forecast,1.0957956324787126,0.7280362825017579,-0.25833986645368534,0.3008504104154035,2981
3,forecast_wind_share_of_load,day_ahead_forecast,-8.065737889630878,5.291258653654783,2.2121505483398303,2.6325303191301357,2981
3,fossil_generation_lag_168,historical_generation,-1.7225725711984032,1.4011356210332213,-0.7737794628445451,0.4978483144042283,2981
3,fossil_generation_lag_24,historical_generation,-4.25753768504921,3.3369959802620244,-1.8018954618803467,1.6502130928608763,2981
3,fraction_high_price_last_14d,diğer,-2.011517792358603,1.01899748476657,0.9287642768097397,0.06685982650229416,2981
3,fraction_high_price_last_30d,diğer,2.998928765832584,1.3541787939843652,-1.3541787939843652,0.19888257774567286,2981
3,fraction_high_price_last_7d,diğer,1.2802023322515423,0.7058083248270809,-0.5570402004755851,-0.002997418398257068,2981
3,generation_biomass_lag_168,historical_generation,-0.5000649125191677,0.2810484874367502,0.2807303916508587,0.0498107210323635,2981
3,generation_biomass_lag_24,historical_generation,-1.9791830607105254,1.0956974991111377,1.0943389495684936,0.08199061731111623,2981
3,generation_fossil_brown_coal_lignite_lag_168,historical_generation,-0.045632635109091525,0.027146351158074008,-0.009628637925116217,0.007586162715703004,2981
3,generation_fossil_brown_coal_lignite_lag_24,historical_generation,0.16046080924512668,0.09541763847110293,0.03520386297298402,-0.01043527078270401,2981
3,generation_fossil_gas_lag_168,historical_generation,-1.4971895429716922,1.6234472179497261,-1.2226498504285206,0.6320773255594201,2981
3,generation_fossil_gas_lag_24,historical_generation,-3.69541298797593,3.810869892308287,-2.9486260020288695,2.2994091278118365,2981
3,generation_fossil_hard_coal_lag_168,historical_generation,-1.6343149254225977,0.9707831597982151,-0.08414262565320337,0.29447443743847046,2981
3,generation_fossil_hard_coal_lag_24,historical_generation,-4.125020297026758,2.4669600418850965,-0.042789063442427944,0.8161067126887236,2981
3,generation_fossil_oil_lag_168,historical_generation,0.31020725473701233,0.1762585445504203,-0.011017263993186612,-0.018894415421209843,2981
3,generation_fossil_oil_lag_24,historical_generation,-0.2681270504953347,0.1529165727163464,0.005715737344791747,0.005675858123109556,2981
3,generation_hydro_pumped_storage_consumption_lag_168,historical_generation,-0.3119799738946693,0.18415135011456316,0.09491844966514634,0.008287751835606372,2981
3,generation_hydro_pumped_storage_consumption_lag_24,historical_generation,-0.07694605470235788,0.04532600942146402,0.02352268049479896,-0.0010330129868743043,2981
3,generation_hydro_run_of_river_and_poundage_lag_168,historical_generation,-0.8340809742570018,0.6315454201651883,0.41462579666818744,-0.10713967262614599,2981
3,generation_hydro_run_of_river_and_poundage_lag_24,historical_generation,-5.696889993702114,4.529420772973014,3.252897989175928,1.557384667506513,2981
3,generation_hydro_water_reservoir_lag_168,historical_generation,-5.202685063131394,4.2108828494043555,3.6635633181655227,0.5936965782380854,2981
3,generation_hydro_water_reservoir_lag_24,historical_generation,-19.46936365868012,15.703730574953399,13.736476229624612,6.517278065806056,2981
3,generation_nuclear_lag_168,historical_generation,-0.6863659728932894,0.5381421554738106,0.21683295530827393,0.08135190983585083,2981
3,generation_nuclear_lag_24,historical_generation,-2.64684580557623,1.940110803129278,0.5417726476803087,0.8069307259308243,2981
3,generation_other_lag_168,historical_generation,-0.3961900089438991,0.3435033404622052,0.3412914988222342,-0.02379432099825518,2981
3,generation_other_lag_24,historical_generation,-0.5203270471458329,0.44474844252415274,0.44178321312116337,-0.0892455520436819,2981
3,generation_other_renewable_lag_168,historical_generation,-0.9044561607298248,1.1649408819435507,-1.1612029740203045,-0.07027565363829158,2981
3,generation_other_renewable_lag_24,historical_generation,0.3320417869084576,0.4109628557784395,0.4095050428330264,0.015116957536879028,2981
3,generation_solar_lag_168,historical_generation,-4.93548072071626,4.714766566181263,-1.4026345169348662,2.838929967261314,2981
3,generation_solar_lag_24,historical_generation,-15.351875213630528,14.720302616336646,-4.439503443847347,14.639768591784922,2981
3,generation_waste_lag_168,historical_generation,0.06593848936009877,0.07093238586990612,0.06972251279951246,-0.008478980993825935,2981
3,generation_waste_lag_24,historical_generation,-0.38168599291063987,0.4253358932163647,-0.4187803744438128,0.028225653423675112,2981
3,generation_wind_onshore_lag_168,historical_generation,-8.78674535538406,5.857620488130785,2.071669682819637,4.51093510156817,2981
3,generation_wind_onshore_lag_24,historical_generation,-30.779343768998153,20.342458533960055,6.910881950493019,20.97324154323522,2981
3,hour,calendar,-0.1666834696840799,0.1443248794592305,4.325614580733885e-05,-0.007315552998174546,2981
3,hour_cos,calendar,-0.4299508060773038,0.3849185285827338,0.0007727102591583667,-0.02386377821126917,2981
3,hour_sin,calendar,-0.5832959798202638,0.5221908156791949,-0.0007624104954722068,0.07376752530674313,2981
3,humidity_barcelona_lag_168,historical_weather,-0.5218271899281685,0.5208618087979391,0.36738108193642516,0.09828959324052189,2981
3,humidity_barcelona_lag_24,historical_weather,-1.5279707610505622,1.4863743162274432,0.9922023072089262,0.4223803109024278,2981
3,humidity_bilbao_lag_168,historical_weather,-0.5374632967168366,0.4102114272817533,-0.030724829285925966,0.05935410738631841,2981
3,humidity_bilbao_lag_24,historical_weather,-1.633222975617871,1.2303102483986212,-0.1668468367164964,0.3071528469635769,2981
3,humidity_madrid_lag_168,historical_weather,-0.8982508629392053,0.9717276195615386,0.8379941195118736,0.06596870868418492,2981
3,humidity_madrid_lag_24,historical_weather,-2.5495039391723813,2.7573818225311943,2.4306402279718107,0.5049114024720698,2981
3,humidity_national_mean_lag_168,weather_aggregate,2.6096248433073876,2.6412416534178793,-2.0177174358036916,0.5626670675023542,2981
3,humidity_national_mean_lag_24,weather_aggregate,7.078504605297346,7.028112957735296,-5.282083817212807,3.9791580419604253,2981
3,humidity_seville_lag_168,historical_weather,-0.9604591359323765,1.0005552993586286,0.751561451118518,0.12329050774172945,2981
3,humidity_seville_lag_24,historical_weather,-3.0241319503541035,3.1464581351666108,2.4018004983929107,1.1254104908525058,2981
3,humidity_valencia_lag_168,historical_weather,-0.8102104286390053,0.5945050670251139,0.1636966991936231,0.12226224743666947,2981
3,humidity_valencia_lag_24,historical_weather,-2.2667598332089764,1.62498666145325,0.3496747010969724,0.7373883419677094,2981
3,is_month_end,calendar,-0.036043812541232484,0.012726449852557232,1.5756406899150094e-06,-0.0005478502678881725,2981
3,is_month_start,calendar,0.5262288742421046,0.1858333479088865,-0.0033937155162794166,0.1290679936636483,2981
3,is_weekend,calendar,2.0236363146413155e-05,1.836305432934448e-05,2.0526671449536485e-07,1.984504099716844e-06,2981
3,is_year_end,calendar,0.05157704823332525,0.00247684783934871,-0.00247684783934871,0.0,2981
3,is_year_start,calendar,0.06886452802839996,0.004052607827203982,-0.004052607827203982,0.0,2981
3,load_forecast_error_lag_24,historical_load,0.24682494571729904,0.16536638203809087,-0.006015648926752483,-0.01509936213904517,2981
3,month,calendar,233.75509850329945,92.31683666408496,79.48571106761119,89.74545767831628,2981
3,month_cos,calendar,0.2861483664767731,0.2810473855765876,-0.2810473855765876,-0.0029477153580312887,2981
3,month_sin,calendar,-5.370508958194251,4.85963816695646,4.268920700842367,1.337096562188795,2981
3,pressure_barcelona_lag_168,historical_weather,0.046122023454196075,0.0012020725060320828,-0.0012020725060320828,3.351265016604543e-07,2981
3,pressure_barcelona_lag_24,historical_weather,-0.23358206481075364,0.0060898150020828245,0.0060898150020828245,7.363630193601978e-06,2981
3,pressure_bilbao_lag_168,historical_weather,0.4050157115963434,0.1494916320280466,0.047038433542527736,-0.010977202340257008,2981
3,pressure_bilbao_lag_24,historical_weather,0.4769340037121142,0.1689149870161607,0.057613887176498256,-0.0014161888424908398,2981
3,pressure_madrid_lag_168,historical_weather,-0.21659929318208185,0.08442397073645636,-0.08263926924540173,0.00068801767702098,2981
3,pressure_madrid_lag_24,historical_weather,-0.4408109843719976,0.16905314554351,-0.16549807519726906,0.00873363759728818,2981
3,pressure_seville_lag_168,historical_weather,-0.12940871203807736,0.09890273955501357,0.09597924495927929,-0.0005887211691311123,2981
3,pressure_seville_lag_24,historical_weather,-0.34327640623207833,0.2620250313708262,0.25997280407448853,0.00503202222073984,2981
3,pressure_valencia_lag_168,historical_weather,0.1402227986994954,0.028330872129400518,0.0033981371639974717,0.0019715828740096697,2981
3,pressure_valencia_lag_24,historical_weather,-0.22586779026867781,0.04229964405326639,-0.002263729055831422,0.00925981561981537,2981
3,price_day_ahead_lag_168,historical_target,-0.5963826049025888,0.28382554519828546,-0.17868969036439122,0.047342493531698615,2981
3,price_day_ahead_lag_24,historical_target,16.999519208816206,7.804108526211218,4.888731443363031,6.130453207457804,2981
3,price_day_ahead_lag_48,historical_target,11.712602806073932,5.3633479406364595,3.3532557679586272,3.525857626748741,2981
3,price_max_lag24_lag48_lag168,historical_target,-1.8112785858839668,0.9168086933900452,-0.31152077274743356,0.28070591194388417,2981
3,price_mean_lag24_lag48,historical_target,-24.465160968420612,10.998196543790915,-7.631282385117208,9.026421909868176,2981
3,price_mean_lag24_lag48_lag168,historical_target,7.308161882938706,3.4060131379502296,2.5452384260410983,1.1959910974680756,2981
3,price_min_lag24_lag48_lag168,historical_target,-0.20302978882773076,0.11308642979903108,-0.10466811622324387,0.0036880145296818156,2981
3,price_std_lag24_lag48_lag168,historical_target,0.9760854785610501,0.7871987674762847,-0.4974482471480579,0.016186687417872214,2981
3,quarter,calendar,-0.18049056010998052,0.08905508781970672,-0.053352581165539925,0.013697712515023497,2981
3,rain_1h_barcelona_lag_168,historical_weather,0.4007716434904298,0.07782835402976501,-0.06308610630046943,0.0013796297120025613,2981
3,rain_1h_barcelona_lag_24,historical_weather,0.2216635804346401,0.04343455871708593,-0.03352476475359843,0.0005942612115656942,2981
3,rain_1h_bilbao_lag_168,historical_weather,0.2996210260992458,0.11381318024870046,-0.071070133841429,0.0002622146123325564,2981
3,rain_1h_bilbao_lag_24,historical_weather,0.09988148957954389,0.03807499192099736,-0.02311657184835958,0.0018162086711646097,2981
3,rain_1h_madrid_lag_168,historical_weather,0.059459639706275734,0.01912039894194432,-0.006138282148638389,0.0034579158198404514,2981
3,rain_1h_madrid_lag_24,historical_weather,0.028125323072745557,0.008632052612567977,-0.003393327422133187,-0.0010596133384543904,2981
3,rain_1h_national_max_lag_168,weather_aggregate,-0.4191091548629769,0.14783462831014862,0.11497544583503895,-0.001129849417781159,2981
3,rain_1h_national_max_lag_24,weather_aggregate,-0.17435774380585956,0.06086882902415364,0.04772836495303445,0.0006028703404643565,2981
3,rain_1h_seville_lag_168,historical_weather,0.15339386957131834,0.03582947789509188,-0.02812613160738116,0.0009859044268436534,2981
3,rain_1h_seville_lag_24,historical_weather,0.04269097845130218,0.009506344691752428,-0.008380557756728397,-0.0003506072533792093,2981
3,rain_1h_valencia_lag_168,historical_weather,0.06908986949111379,0.011471595091366511,-0.009211402603306999,0.0009981170018624752,2981
3,rain_1h_valencia_lag_24,historical_weather,0.031015535413811503,0.005156054407425654,-0.0041257166152299804,-3.8675655265052455e-05,2981
3,rain_3h_barcelona_lag_168,historical_weather,-0.00500850555965438,0.0005362272993953445,0.0005362272993953445,0.0,2981
3,rain_3h_barcelona_lag_24,historical_weather,0.03592529929860437,0.0038462822878825905,-0.0038462822878825905,0.0,2981
3,rain_3h_bilbao_lag_168,historical_weather,0.09779059217313633,0.008951195426129387,-0.008951195426129387,0.0,2981
3,rain_3h_bilbao_lag_24,historical_weather,0.11854099435758313,0.010850569394485624,-0.010850569394485624,0.0,2981
3,rain_3h_madrid_lag_168,historical_weather,0.022913908902218484,0.0015190174399161464,-0.0015190174399161464,0.0,2981
3,rain_3h_madrid_lag_24,historical_weather,0.035480549035416614,0.0023520898591586612,-0.0023520898591586612,0.0,2981
3,rain_3h_seville_lag_168,historical_weather,-0.027658510474887682,0.001902407671421362,0.001902407671421362,0.0,2981
3,rain_3h_seville_lag_24,historical_weather,-0.0025814340357315263,0.00017755619621319046,0.00017755619621319046,0.0,2981
3,rain_3h_valencia_lag_168,historical_weather,0.12162502593884597,0.010089363727614875,-0.010089363727614875,0.0,2981
3,rain_3h_valencia_lag_24,historical_weather,0.06793527123751492,0.005635547915887057,-0.005635547915887057,0.0,2981
3,renewable_forecast_total,day_ahead_forecast,0.1022921366176096,0.06785101960435605,-0.008445751492253933,0.015082509318200543,2981
3,renewable_generation_lag_168,historical_generation,9.080521693010569,6.384363879503373,-4.091460360687752,3.863776539021411,2981
3,renewable_generation_lag_24,historical_generation,26.584634215696173,18.670244924643573,-11.80690230731429,17.9250292345357,2981
3,renewable_share_lag_168,historical_generation,-0.6970438359364712,0.5036090680376661,0.33908776936597196,-0.01655108593896326,2981
3,renewable_share_lag_24,historical_generation,3.0856758723882973,2.2159545622458627,-1.5086602705217889,0.7996623991185272,2981
3,snow_3h_barcelona_lag_168,historical_weather,0.0,0.0,0.0,0.0,2981
3,snow_3h_barcelona_lag_24,historical_weather,0.0,0.0,0.0,0.0,2981
3,snow_3h_bilbao_lag_168,historical_weather,0.025667244291027933,0.001597038298762322,-0.001597038298762322,0.0,2981
3,snow_3h_bilbao_lag_24,historical_weather,0.07544077608250599,0.004693990805013141,-0.004693990805013141,0.0,2981
3,snow_3h_madrid_lag_168,historical_weather,-0.04691537989907453,0.00032482367520525295,0.00032482367520525295,0.0,2981
3,snow_3h_madrid_lag_24,historical_weather,-0.07604735718025303,0.0005265220510219894,0.0005265220510219894,0.0,2981
3,snow_3h_seville_lag_168,historical_weather,0.0,0.0,0.0,0.0,2981
3,snow_3h_seville_lag_24,historical_weather,0.0,0.0,0.0,0.0,2981
3,snow_3h_valencia_lag_168,historical_weather,-0.01670307763869696,0.0002799768969726862,0.0002799768969726862,0.0,2981
3,snow_3h_valencia_lag_24,historical_weather,0.05390323713032239,0.0009035257690216255,-0.0009035257690216255,0.0,2981
3,temp_barcelona_lag_168,historical_weather,-0.5268521526008022,0.6973513259686359,-0.6927722670836786,-0.008377302437712508,2981
3,temp_barcelona_lag_24,historical_weather,-0.4950965559039983,0.6499166629370888,-0.6405793333623435,0.044057312179607955,2981
3,temp_bilbao_lag_168,historical_weather,-0.08769703879695581,0.08576653106628117,-0.0822251285030651,-0.006140195485486721,2981
3,temp_bilbao_lag_24,historical_weather,0.10745216251025187,0.10270181611349546,0.09719687752392231,-0.0020371356904336224,2981
3,temp_madrid_lag_168,historical_weather,0.7292361624801352,0.8602810298494309,0.8472293230454718,0.051329240154935896,2981
3,temp_madrid_lag_24,historical_weather,-0.14237736325028388,0.16726760791035872,-0.16431139432233322,0.0045878231869105335,2981
3,temp_national_mean_lag_168,weather_aggregate,0.3807266341680773,0.4359510789427855,0.4302513776645335,0.016983210070502075,2981
3,temp_national_mean_lag_24,weather_aggregate,0.7408399608843313,0.8406067378189177,0.8241334358373673,0.017337154445679737,2981
3,temp_seville_lag_168,historical_weather,-0.4593812448713052,0.3908130983031356,-0.34043368969929816,-0.0030164799542733434,2981
3,temp_seville_lag_24,historical_weather,-2.0913868172272974,1.776560016692619,-1.519790657959945,0.3259987530161954,2981
3,temp_valencia_lag_168,historical_weather,-0.5256655675082369,0.6626294202996611,-0.6575611802385961,0.01926075748886813,2981
3,temp_valencia_lag_24,historical_weather,0.10819672509587269,0.13510835934556348,0.1340351756987824,-0.003481481565824396,2981
3,total_generation_lag_168,historical_generation,4.985615324911474,4.352957447701563,-0.4164709224865303,2.4268549978274283,2981
3,total_generation_lag_24,historical_generation,14.197698891725091,12.059385961527173,-1.0876742388139788,12.343157647197671,2981
3,total_load_actual_lag_168,historical_load,-1.428044511350852,1.1869997108908596,-0.24317667194241638,0.3214243639269343,2981
3,total_load_actual_lag_24,historical_load,-3.5230180258972124,2.8971325671465262,-0.6079059092493677,1.2089276796548063,2981
3,total_load_actual_lag_48,historical_load,0.17710670474409979,0.1456310605222727,0.030481766329840305,0.0048508162671803134,2981
3,total_load_forecast,day_ahead_forecast,5.441502862509779,4.497916327136543,0.9554292248898164,2.275795102552073,2981
3,week_of_year,calendar,-1.8937494790854847,0.707744524049416,-0.5870800961916504,0.15315032408737128,2981
3,wind_deg_cos_barcelona_lag_168,historical_weather,-0.0024898947430284763,0.0021445140673840265,0.0004426856265228895,0.00010116223388134671,2981
3,wind_deg_cos_barcelona_lag_24,historical_weather,0.1104045269036083,0.09579565887099006,-0.017026577934307768,0.00020444709038436315,2981
3,wind_deg_cos_bilbao_lag_168,historical_weather,0.005362970129103805,0.004467165935984361,0.002304683404838192,-0.0001108712816684232,2981
3,wind_deg_cos_bilbao_lag_24,historical_weather,0.09835435941170804,0.08207130892019583,0.042240281537340676,0.004903650379889157,2981
3,wind_deg_cos_madrid_lag_168,historical_weather,0.04848258191892217,0.046167537050912484,0.005087560617728268,-0.001836509531294439,2981
3,wind_deg_cos_madrid_lag_24,historical_weather,0.23540574359442168,0.2222837161629841,0.03315922951833454,-0.009816083256508179,2981
3,wind_deg_cos_seville_lag_168,historical_weather,0.062087786813702896,0.061131411953811825,-0.010319689750913774,-0.0017634662901153675,2981
3,wind_deg_cos_seville_lag_24,historical_weather,-0.12404067874932687,0.12229936145343895,0.022295718631383042,-0.004825753987256931,2981
3,wind_deg_cos_valencia_lag_168,historical_weather,0.06067925531857565,0.053620939228414544,0.007747495999305851,-0.0018234101301093375,2981
3,wind_deg_cos_valencia_lag_24,historical_weather,-0.03631206849193761,0.03179138704752577,-0.005289495038651566,0.001878548231035282,2981
3,wind_deg_sin_barcelona_lag_168,historical_weather,0.04045240106172424,0.040229557693808926,0.012310512487788689,0.0009631840505281986,2981
3,wind_deg_sin_barcelona_lag_24,historical_weather,-0.07920972972803324,0.07764664945031106,-0.024217357829285576,-0.0015916026662248228,2981
3,wind_deg_sin_bilbao_lag_168,historical_weather,-0.04036018573683877,0.031486953958477476,0.000565578131655692,-0.002885597889361158,2981
3,wind_deg_sin_bilbao_lag_24,historical_weather,0.05183543503244939,0.04024788082471949,-0.0007576281021777505,-0.00249413121033637,2981
3,wind_deg_sin_madrid_lag_168,historical_weather,0.11059033927074473,0.08596563805088564,-0.0021265588295237042,-0.0004248424228823211,2981
3,wind_deg_sin_madrid_lag_24,historical_weather,0.3469061600427008,0.26747681197643874,-0.00642462327157904,-0.01647757824132423,2981
3,wind_deg_sin_seville_lag_168,historical_weather,0.013968950342260191,0.011309367469658932,-0.004030356848558006,-0.0010799912248939947,2981
3,wind_deg_sin_seville_lag_24,historical_weather,-0.11878460893885792,0.09537840938096859,0.03814871089419785,0.004411098675356939,2981
3,wind_deg_sin_valencia_lag_168,historical_weather,-0.06575071476630455,0.053617513448423096,-0.025558415115735672,-0.0012773850164649048,2981
3,wind_deg_sin_valencia_lag_24,historical_weather,0.018448373381597726,0.01498733906477436,0.007461986728276293,0.00018974525681159093,2981
3,wind_speed_barcelona_lag_168,historical_weather,1.2279174840891436,1.0403819796284686,-0.3915811253005026,0.22915746557280503,2981
3,wind_speed_barcelona_lag_24,historical_weather,2.8446014975371448,2.3913157651768686,-0.9211401436966726,0.9525740244536163,2981
3,wind_speed_bilbao_lag_168,historical_weather,0.9959586553793981,0.7546186853238772,-0.011436682092646843,0.10309941703409997,2981
3,wind_speed_bilbao_lag_24,historical_weather,2.750208514575172,2.0868170314535948,-0.033085509008372024,1.0215574552488684,2981
3,wind_speed_madrid_lag_168,historical_weather,1.1685169363825347,0.8443263610619245,-0.03741855058354651,0.10586551233934838,2981
3,wind_speed_madrid_lag_24,historical_weather,3.428371913019505,2.4526301528561683,-0.13299977582442907,1.1470094413507033,2981
3,wind_speed_national_mean_lag_168,weather_aggregate,-4.4001909477009375,3.4957699349704896,0.6495877626716401,1.7108575915417186,2981
3,wind_speed_national_mean_lag_24,weather_aggregate,-10.31091277584611,8.102661692336236,1.5937915952431143,6.414541939089609,2981
3,wind_speed_seville_lag_168,historical_weather,1.2388276001088059,1.030189290887945,-0.052092911485870814,0.23960105238413387,2981
3,wind_speed_seville_lag_24,historical_weather,2.7646629278090034,2.274547108567272,-0.15694791976854786,0.8701030253816207,2981
3,wind_speed_valencia_lag_168,historical_weather,1.6987046867110682,0.9621771755385755,-0.12583379436593536,0.17664537235717415,2981
3,wind_speed_valencia_lag_24,historical_weather,4.0556273142256325,2.2922783925242713,-0.3054178032265721,1.0241336531743581,2981
4,clouds_all_barcelona_lag_168,historical_weather,4.54166113267696,4.202237253834532,0.035734403607572664,2.862357845699396,5961
4,clouds_all_barcelona_lag_24,historical_weather,9.570916744983728,8.712024219482595,-0.15706775807426354,7.65806204060809,5961
4,clouds_all_bilbao_lag_168,historical_weather,6.029818948674868,5.412882376191959,0.416908691428775,3.37870217806349,5961
4,clouds_all_bilbao_lag_24,historical_weather,12.10170379207767,10.872416945195727,0.497670931136391,9.213918341473748,5961
4,clouds_all_madrid_lag_168,historical_weather,5.201958494453842,4.408349878219151,0.39268493255349135,3.2549048752566687,5961
4,clouds_all_madrid_lag_24,historical_weather,10.39111010385493,8.828236087915045,0.9651402851740543,7.77932717880914,5961
4,clouds_all_national_mean_lag_168,weather_aggregate,-15.627993610867163,12.43533281571465,-0.2580317316769164,12.563516788615882,5961
4,clouds_all_national_mean_lag_24,weather_aggregate,-30.33565458546458,24.019108947840262,-0.30861866761334983,28.360380305851287,5961
4,clouds_all_seville_lag_168,historical_weather,4.623639937388692,3.6205712200734856,0.0891334306626064,2.405886572606102,5961
4,clouds_all_seville_lag_24,historical_weather,9.280350762508135,7.317023707942129,0.34617487262283975,6.1844180248861615,5961
4,clouds_all_valencia_lag_168,historical_weather,4.880905920678531,3.0194051285553285,-0.6623436697698506,1.7091963973166795,5961
4,clouds_all_valencia_lag_24,historical_weather,9.467465278681416,5.775841493917338,-1.3231011765033325,4.608207612314327,5961
4,day_of_month,calendar,18.438245524351355,15.908950029780977,0.44618511418061946,15.625439271601056,5961
4,day_of_week,calendar,-0.6663577530059295,0.5676875813776107,-0.00289199366148165,0.036449435729783985,5961
4,day_of_year,calendar,-206.52830020836927,237.31245447306486,-6.511774171131626,281.53332265580633,5961
4,day_of_year_cos,calendar,0.04989226449366994,0.042043741702660176,0.029789311132788564,-0.004661470230639786,5961
4,day_of_year_sin,calendar,3.8973888837288784,3.8459623376635976,0.42675426006386874,2.3812405304860427,5961
4,dow_cos,calendar,-0.06632469192114994,0.06018241140357413,0.000803902761585156,0.0015095957957331763,5961
4,dow_sin,calendar,-0.22633560570575037,0.20053220540620115,0.0003246678344776626,0.013613689607917756,5961
4,forecast_solar_day_ahead,day_ahead_forecast,-2.7997824674140097,2.346693151679619,0.30016295655419933,0.8213399434386046,5961
4,forecast_solar_share_of_load,day_ahead_forecast,-0.5577395855082277,0.4659762188017206,0.06427733783578965,0.03568662349660556,5961
4,forecast_wind_onshore_day_ahead,day_ahead_forecast,1.5993642648487685,1.3976950571028293,0.33578261845667906,0.42864336704554784,5961
4,forecast_wind_share_of_load,day_ahead_forecast,-8.399364524366225,7.119624917922559,-1.4582871338626104,5.90420218682134,5961
4,fossil_generation_lag_168,historical_generation,-0.7000719163919513,0.6509956612529403,0.0018428107770041041,0.20013633427837618,5961
4,fossil_generation_lag_24,historical_generation,-1.0054438502297764,0.9344815011881972,-0.007934330310641297,0.2957985220470061,5961
4,fraction_high_price_last_14d,diğer,-1.5843848590446516,1.6027872228766078,-1.2589699439544109,0.3080152194460819,5961
4,fraction_high_price_last_30d,diğer,2.7461084985706994,2.4476719468136134,2.312918902763393,0.24308391668401175,5961
4,fraction_high_price_last_7d,diğer,1.0667066420573834,1.170842124426365,0.7945393318327292,0.04494884247983233,5961
4,generation_biomass_lag_168,historical_generation,-0.8504885365843317,0.6365485173121456,0.6361355247784327,0.0896035958322603,5961
4,generation_biomass_lag_24,historical_generation,-2.0564751668085623,1.5597081059586637,1.5587086332089093,0.19040756651155544,5961
4,generation_fossil_brown_coal_lignite_lag_168,historical_generation,-0.5475471206007466,0.4491226816431704,0.09017296011077916,0.12739556236762173,5961
4,generation_fossil_brown_coal_lignite_lag_24,historical_generation,-0.5002663404793751,0.4131200764709279,0.08873506494879771,0.08283519424593333,5961
4,generation_fossil_gas_lag_168,historical_generation,-2.881437552043899,2.685254532077346,-0.985058261351909,1.8493081397812325,5961
4,generation_fossil_gas_lag_24,historical_generation,-6.000121423403779,5.619361931770109,-2.07287333130643,4.859715927089514,5961
4,generation_fossil_hard_coal_lag_168,historical_generation,-2.59169991465622,2.1054618458419694,0.8090948366642946,0.9164621498152199,5961
4,generation_fossil_hard_coal_lag_24,historical_generation,-5.4948942588224154,4.389256299018192,1.6108882754660527,2.7953601315852987,5961
4,generation_fossil_oil_lag_168,historical_generation,0.252526308326714,0.1729619679507732,-0.06883404977048553,-0.01741631944355948,5961
4,generation_fossil_oil_lag_24,historical_generation,-0.3550605292148525,0.243322202405539,0.10265963930994854,0.02193965862868197,5961
4,generation_hydro_pumped_storage_consumption_lag_168,historical_generation,-0.3244682108616536,0.24888378383711116,0.0034401204605966364,-0.025118105464057017,5961
4,generation_hydro_pumped_storage_consumption_lag_24,historical_generation,-0.19913550316820441,0.152964638226138,0.002554592040517374,-0.004435516416867458,5961
4,generation_hydro_run_of_river_and_poundage_lag_168,historical_generation,-1.2469309996721638,1.4735532681328154,-0.4399477466033323,0.20355852129323537,5961
4,generation_hydro_run_of_river_and_poundage_lag_24,historical_generation,-5.517369128934736,6.557242137285436,-2.3414257106599075,4.362994851079346,5961
4,generation_hydro_water_reservoir_lag_168,historical_generation,-6.741127793462233,5.477838382154776,0.5876456842751777,3.836987355391871,5961
4,generation_hydro_water_reservoir_lag_24,historical_generation,-18.82018888544395,15.19154537861314,1.19142139698936,15.493866292978705,5961
4,generation_nuclear_lag_168,historical_generation,-1.004542563144641,0.8774958392013316,0.21584878995816242,0.08340386941099354,5961
4,generation_nuclear_lag_24,historical_generation,-2.8979311656199838,2.5992861699239884,0.7742861631335849,1.0045706634146931,5961
4,generation_other_lag_168,historical_generation,-0.1814169306289562,0.11430176050324845,0.10937889884291326,0.006770770491690392,5961
4,generation_other_lag_24,historical_generation,-0.2529904743794462,0.1589666879593233,0.15196493639136283,0.016694766979441944,5961
4,generation_other_renewable_lag_168,historical_generation,-0.5476798838682073,0.6823769158676201,-0.6707034482692171,0.028425087114145597,5961
4,generation_other_renewable_lag_24,historical_generation,0.2754060765978834,0.34252039070002926,0.3365469647824989,0.0071841008161621644,5961
4,generation_solar_lag_168,historical_generation,-6.348421242233166,5.392685117456834,0.5656935354889396,3.7347758506811175,5961
4,generation_solar_lag_24,historical_generation,-15.01221983133056,12.642491761264248,1.5438539051744828,11.190152772351553,5961
4,generation_waste_lag_168,historical_generation,-0.07875820049519182,0.07430405209561924,-0.06430929929098848,0.0027811718825407894,5961
4,generation_waste_lag_24,historical_generation,-0.5107726545376089,0.47551682781270754,-0.3871578102790919,0.03029599901384472,5961
4,generation_wind_onshore_lag_168,historical_generation,-11.314541722801481,10.069115886324301,-2.5484070550245344,9.434465978923175,5961
4,generation_wind_onshore_lag_24,historical_generation,-29.388002283122713,26.380539072395077,-6.262500585841454,31.795881566123818,5961
4,hour,calendar,-0.16217421575665253,0.14051871338139324,-0.00022059155780170946,0.008163872726736798,5961
4,hour_cos,calendar,-0.44159049188400634,0.39523514588209774,0.00037428190553195,0.010750535001716521,5961
4,hour_sin,calendar,-0.5809386396495424,0.520112786244543,0.0010893309203612598,0.028467584861420647,5961
4,humidity_barcelona_lag_168,historical_weather,-0.7977742104580523,0.6991534413843735,-0.034523813608252164,0.04103097091329655,5961
4,humidity_barcelona_lag_24,historical_weather,-1.344078995976065,1.1757660168390303,-0.05621339397590485,0.28590360208881105,5961
4,humidity_bilbao_lag_168,historical_weather,-0.4786034449059152,0.41749356034859664,-0.035764723329013655,0.07196939245975198,5961
4,humidity_bilbao_lag_24,historical_weather,-1.3498928457872799,1.172695083604507,-0.09013829478049427,0.30302487206638684,5961
4,humidity_madrid_lag_168,historical_weather,-1.226983224964044,0.9823485981917105,-0.38844784921670733,0.10509806937121446,5961
4,humidity_madrid_lag_24,historical_weather,-2.323749317063302,1.8555652588208922,-0.7994734016913553,0.45214879288774146,5961
4,humidity_national_mean_lag_168,weather_aggregate,3.233642602834104,2.631503672549707,0.44252116581089473,1.1503303739661428,5961
4,humidity_national_mean_lag_24,weather_aggregate,6.110927310857077,4.963339459321206,0.9236861264154915,3.3459555336292404,5961
4,humidity_seville_lag_168,historical_weather,-1.0641012223528665,0.8229684491584894,-0.1943514924095332,0.082567651993803,5961
4,humidity_seville_lag_24,historical_weather,-2.638937824608627,2.022630303040201,-0.5528078375556084,0.5642091046401951,5961
4,humidity_valencia_lag_168,historical_weather,-0.9529564660871233,0.8178801809253549,0.1963603979197042,0.13167700936893212,5961
4,humidity_valencia_lag_24,historical_weather,-2.0693038151005436,1.7625340205286013,0.43328013657671444,0.5007913777013693,5961
4,is_month_end,calendar,-0.010819339723978742,0.0038204323644002148,8.27811393986322e-08,0.0008573362183499356,5961
4,is_month_start,calendar,0.7366775079819066,0.26016223499192626,-0.004143464601484108,0.07471598575654692,5961
4,is_weekend,calendar,0.09082279283731892,0.08202816094244943,-9.514704816337349e-05,0.004993210360090927,5961
4,is_year_end,calendar,-0.013037239715743144,0.0017518835369203073,-0.0005855001161687296,0.0011710493473549022,5961
4,is_year_start,calendar,-0.055849499103687555,0.007147049699748521,-0.001024395560831766,0.00443960603523319,5961
4,load_forecast_error_lag_24,historical_load,0.2151055119184747,0.13831829614439367,0.00023610456367245905,-0.010846500338780096,5961
4,month,calendar,207.0323337277882,237.0817359676979,6.453597716045802,275.067272960755,5961
4,month_cos,calendar,1.4752849660575174,1.3713084649859928,0.8055002185038643,-0.01738949522136579,5961
4,month_sin,calendar,-5.845434717534408,5.29338346340468,-1.5044451332339566,2.7260721941181396,5961
4,pressure_barcelona_lag_168,historical_weather,0.031909129968705124,0.0007792876289743637,-0.0007792876289743637,-1.4650877604438506e-06,5961
4,pressure_barcelona_lag_24,historical_weather,-0.2380934990776665,0.005815187200698833,0.005815187200698833,1.4704745661120455e-05,5961
4,pressure_bilbao_lag_168,historical_weather,0.3011429160989535,0.23370027459234516,0.020181422826983854,-0.028677666187303608,5961
4,pressure_bilbao_lag_24,historical_weather,0.3612222433515283,0.28008576594368173,0.02009540212173419,-0.018009837417547914,5961
4,pressure_madrid_lag_168,historical_weather,-0.19547975295191106,0.095613851287409,-0.07147294599594105,0.009704869390875004,5961
4,pressure_madrid_lag_24,historical_weather,-0.5361240595049845,0.2601221043477357,-0.1938719823422401,0.03456814473573111,5961
4,pressure_seville_lag_168,historical_weather,-0.04524592737541891,0.037084384562891065,0.005299106327403216,0.0021408466123880032,5961
4,pressure_seville_lag_24,historical_weather,-0.36320814799563683,0.3007687130118136,0.04599705820097608,0.08252689400806101,5961
4,pressure_valencia_lag_168,historical_weather,0.15667866151074122,0.0803180157805567,0.007604874138304186,-0.0069125530372007304,5961
4,pressure_valencia_lag_24,historical_weather,-0.15398765174665602,0.0789451077898458,-0.007042593271776509,0.012289126054006339,5961
4,price_day_ahead_lag_168,historical_target,-0.5976134903794375,0.4808584676043761,-0.2417840010656973,0.10404592520796196,5961
4,price_day_ahead_lag_24,historical_target,18.564035519869226,15.32947768112398,7.961103388053738,14.685537820832526,5961
4,price_day_ahead_lag_48,historical_target,13.595605302125977,11.180294339093356,5.784277941381013,9.242544654786474,5961
4,price_max_lag24_lag48_lag168,historical_target,-2.492333931125177,2.0188341382793857,-1.3470732959582048,0.5218522541739068,5961
4,price_mean_lag24_lag48,historical_target,-27.66789497154305,23.20985388415066,-12.87434544979805,23.764931879408806,5961
4,price_mean_lag24_lag48_lag168,historical_target,7.733454683384899,6.378139257786793,3.9109577084779907,3.4243450062211522,5961
4,price_min_lag24_lag48_lag168,historical_target,-0.30215302443718384,0.2597360827519272,-0.11007221724534068,0.07086241626347967,5961
4,price_std_lag24_lag48_lag168,historical_target,1.1056443941725695,0.9844091724478402,0.13311446348985564,0.4374883133654919,5961
4,quarter,calendar,-0.7974094082852027,0.900082332661003,-0.041724849295172756,0.252977056787687,5961
4,rain_1h_barcelona_lag_168,historical_weather,0.38842509312579404,0.07799944720566754,-0.04514475467710276,-0.00039091898888887755,5961
4,rain_1h_barcelona_lag_24,historical_weather,0.2413622651100254,0.04844654856946411,-0.0287346924306313,0.0009287450941961595,5961
4,rain_1h_bilbao_lag_168,historical_weather,0.2780272588572292,0.1120151460978566,-0.029894272437910045,0.006944488203814103,5961
4,rain_1h_bilbao_lag_24,historical_weather,0.12339699110123052,0.04972465081294256,-0.01372784497248874,0.00028914597336093806,5961
4,rain_1h_madrid_lag_168,historical_weather,0.0876658422911459,0.04023402063551951,0.006602861805787392,0.008156980362063138,5961
4,rain_1h_madrid_lag_24,historical_weather,0.021796837137671277,0.010380369342618406,0.0020676492523459856,0.00040645496929148095,5961
4,rain_1h_national_max_lag_168,weather_aggregate,-0.43693243652138775,0.14449723558955269,0.060190098359172606,0.00276115164139501,5961
4,rain_1h_national_max_lag_24,weather_aggregate,-0.2597772220354993,0.08639594504041213,0.03552109115895374,-0.0023126687893464393,5961
4,rain_1h_seville_lag_168,historical_weather,0.158360465176761,0.06501613112797082,0.006885638043314018,0.005846479544876715,5961
4,rain_1h_seville_lag_24,historical_weather,0.03466234066561549,0.0143194801164639,0.0016164716945003055,0.0013906527068847652,5961
4,rain_1h_valencia_lag_168,historical_weather,0.08183394733340361,0.013639851717955738,-0.009269421501282026,-0.0002374596946275176,5961
4,rain_1h_valencia_lag_24,historical_weather,0.049298842208496424,0.008213176351747113,-0.0055940236929867835,-6.378100358706007e-05,5961
4,rain_3h_barcelona_lag_168,historical_weather,0.007363268522647321,0.0007368819938235063,-0.0007368819938235063,0.0,5961
4,rain_3h_barcelona_lag_24,historical_weather,0.033917958342121676,0.0033943530230754995,-0.0033943530230754995,0.0,5961
4,rain_3h_bilbao_lag_168,historical_weather,0.0776735368017363,0.006800509084346549,-0.006482387068654998,-0.0002859474912746407,5961
4,rain_3h_bilbao_lag_24,historical_weather,0.09201260108827401,0.00805592941096919,-0.007679079902983912,-0.00017177727236905582,5961
4,rain_3h_madrid_lag_168,historical_weather,0.03938486483771461,0.0024415812414075653,-0.0024415812414075653,0.0,5961
4,rain_3h_madrid_lag_24,historical_weather,0.03484619556864923,0.0021602160572443997,-0.0021602160572443997,0.0,5961
4,rain_3h_seville_lag_168,historical_weather,-0.012669428356895183,0.0008148936590780947,0.0008148936590780947,0.0,5961
4,rain_3h_seville_lag_24,historical_weather,0.006885877522793577,0.00044289748301547266,-0.00044289748301547266,0.0,5961
4,rain_3h_valencia_lag_168,historical_weather,0.10367546642685699,0.008041324841704051,-0.008041324841704051,0.0,5961
4,rain_3h_valencia_lag_24,historical_weather,0.07279368530397291,0.0056460577427631465,-0.0056460577427631465,0.0,5961
4,renewable_forecast_total,day_ahead_forecast,0.09391166159686364,0.07887027225263704,0.013529319239896738,0.005114699734857453,5961
4,renewable_generation_lag_168,historical_generation,10.239422611164807,8.846590589057222,1.1531440443126664,8.485967362610273,5961
4,renewable_generation_lag_24,historical_generation,23.862740237676682,20.453149636871924,2.7928319013200156,24.449106036015227,5961
4,renewable_share_lag_168,historical_generation,0.023805354536490127,0.021685447676370893,0.002613034183631107,0.0028648624880256435,5961
4,renewable_share_lag_24,historical_generation,3.6813905759291496,3.3299996567617267,0.4233068280182497,1.9554299222211071,5961
4,snow_3h_barcelona_lag_168,historical_weather,0.0,0.0,0.0,0.0,5961
4,snow_3h_barcelona_lag_24,historical_weather,0.0,0.0,0.0,0.0,5961
4,snow_3h_bilbao_lag_168,historical_weather,0.01929524875359622,0.0011227392603236253,-0.0011227392603236253,0.0,5961
4,snow_3h_bilbao_lag_24,historical_weather,0.06627413083932829,0.0038563155928874496,-0.0038563155928874496,0.0,5961
4,snow_3h_madrid_lag_168,historical_weather,-0.044888233075444366,0.0002907108017669184,0.0002907108017669184,0.0,5961
4,snow_3h_madrid_lag_24,historical_weather,-0.06072176118015385,0.0003932538812056996,0.0003932538812056996,0.0,5961
4,snow_3h_seville_lag_168,historical_weather,0.0,0.0,0.0,0.0,5961
4,snow_3h_seville_lag_24,historical_weather,0.0,0.0,0.0,0.0,5961
4,snow_3h_valencia_lag_168,historical_weather,-0.025456964707730016,0.00039913720325331255,0.00039913720325331255,0.0,5961
4,snow_3h_valencia_lag_24,historical_weather,0.04152727463871219,0.0006511019851865037,-0.0006511019851865037,0.0,5961
4,temp_barcelona_lag_168,historical_weather,-0.36580255792165783,0.32216523125328306,0.23617968776888204,0.005023274060897975,5961
4,temp_barcelona_lag_24,historical_weather,-0.20208426742195218,0.1773191893426068,0.1303899049730628,-0.005944714519642069,5961
4,temp_bilbao_lag_168,historical_weather,0.420232283934624,0.3288200402685699,-0.20782992103195647,0.03409573205626071,5961
4,temp_bilbao_lag_24,historical_weather,0.4574142735096289,0.3588467552730776,-0.22349691886663436,0.0354616095439102,5961
4,temp_madrid_lag_168,historical_weather,0.8196811705055594,0.6389773692111881,-0.4508481189640684,0.06964944918389371,5961
4,temp_madrid_lag_24,historical_weather,0.4734175531505055,0.36734587824423415,-0.2613377575525393,0.023111361178364653,5961
4,temp_national_mean_lag_168,weather_aggregate,-0.3139782354187757,0.2670125907282678,0.19505606840636885,0.004583977829829777,5961
4,temp_national_mean_lag_24,weather_aggregate,-1.2361866396052847,1.04743397471291,0.771440094297388,0.08067008845715051,5961
4,temp_seville_lag_168,historical_weather,-0.047256063830802934,0.049151562004017005,0.0407157534613457,0.0008390725215585704,5961
4,temp_seville_lag_24,historical_weather,-1.5008250768782867,1.5562752110502793,1.3091060995151138,0.13692374172100763,5961
4,temp_valencia_lag_168,historical_weather,-0.667811058066269,0.48791437577523716,0.2604769087282189,0.027342763512209878,5961
4,temp_valencia_lag_24,historical_weather,0.25517447336762683,0.18561422537398875,-0.10095475111698551,0.007768102538737054,5961
4,total_generation_lag_168,historical_generation,6.524177318822455,5.743755990920553,0.46105529218422703,4.067359602296911,5961
4,total_generation_lag_24,historical_generation,15.275559613828934,13.340468439984356,1.1232404860909104,13.942436917029795,5961
4,total_load_actual_lag_168,historical_load,-1.1991749059550203,1.0503244450237263,-0.10363167211009644,0.26837804848147684,5961
4,total_load_actual_lag_24,historical_load,-3.440495832715884,3.001851716661713,-0.29648210688998133,1.5780433081028358,5961
4,total_load_actual_lag_48,historical_load,0.1359365546339529,0.11865884847588806,0.01173456013366801,-0.01482158393857258,5961
4,total_load_forecast,day_ahead_forecast,4.955773711266605,4.301614262260254,0.4102441383416532,2.5953638532040584,5961
4,week_of_year,calendar,-1.5735446034046452,1.7986629593436347,-0.02399970065930444,0.7725136146901361,5961
4,wind_deg_cos_barcelona_lag_168,historical_weather,-0.009948137987516415,0.008054489665991463,-0.0011318737611600016,0.0005471506367271672,5961
4,wind_deg_cos_barcelona_lag_24,historical_weather,0.1626972020707364,0.13086019816431335,0.01738510462887022,-0.0006675993671549918,5961
4,wind_deg_cos_bilbao_lag_168,historical_weather,0.014693146860425164,0.01276913065376145,-0.0003185801218039134,-0.0004921661376480202,5961
4,wind_deg_cos_bilbao_lag_24,historical_weather,0.11338173499663319,0.09793942026456151,-0.0026121143225598118,0.00024937590907736507,5961
4,wind_deg_cos_madrid_lag_168,historical_weather,0.05347552974494347,0.05062737174038944,0.009263772742149628,-0.00803869009780378,5961
4,wind_deg_cos_madrid_lag_24,historical_weather,0.2230237742816165,0.2100406821894758,0.036767585129384474,0.002730802039812019,5961
4,wind_deg_cos_seville_lag_168,historical_weather,0.03713095017212634,0.03404412498958641,0.00716030559600974,-0.003118088744155756,5961
4,wind_deg_cos_seville_lag_24,historical_weather,-0.02977249458361198,0.027228339988478834,-0.005863823944662884,0.0019717595419033174,5961
4,wind_deg_cos_valencia_lag_168,historical_weather,0.06647711464363007,0.05797099197868268,-0.005908432438917689,-0.006311090302480338,5961
4,wind_deg_cos_valencia_lag_24,historical_weather,-0.03041514666460071,0.026372146974398093,0.002764323464558353,0.0008618827907005411,5961
4,wind_deg_sin_barcelona_lag_168,historical_weather,0.017202472738283944,0.015483604612438058,-0.00433404846290431,-0.00010980512232450224,5961
4,wind_deg_sin_barcelona_lag_24,historical_weather,-0.07986193484053483,0.07202456506944212,0.019754217877989214,0.00029478772128754827,5961
4,wind_deg_sin_bilbao_lag_168,historical_weather,-0.00173415327315555,0.0015404756479473825,4.633141879511239e-05,0.0001581575167666216,5961
4,wind_deg_sin_bilbao_lag_24,historical_weather,0.019430158596958007,0.017301487364982434,-0.0004521721023707435,-0.0008653887868392829,5961
4,wind_deg_sin_madrid_lag_168,historical_weather,0.09230754537057889,0.06954285350904302,-0.01230881931427798,-0.006259782954723292,5961
4,wind_deg_sin_madrid_lag_24,historical_weather,0.25263393926326133,0.19129051631847907,-0.029206394372956565,0.006713482279272931,5961
4,wind_deg_sin_seville_lag_168,historical_weather,-0.030465200613548973,0.026710608466962767,-0.001141145019868743,0.0038897270116047267,5961
4,wind_deg_sin_seville_lag_24,historical_weather,-0.0418093830916736,0.036556739270882266,-0.001989713545520069,0.004183766169529868,5961
4,wind_deg_sin_valencia_lag_168,historical_weather,-0.06867017869044699,0.062478895819314054,0.029170058331257905,0.0029079204206556852,5961
4,wind_deg_sin_valencia_lag_24,historical_weather,0.04013701729770643,0.036533529295715655,-0.01661814768441817,0.00011042183464571309,5961
4,wind_speed_barcelona_lag_168,historical_weather,1.889740354545439,1.6141844668640348,-0.5910838530937403,0.45839915254331043,5961
4,wind_speed_barcelona_lag_24,historical_weather,3.7098738605078005,3.1486319252783694,-1.1570691013033014,1.4119146674418754,5961
4,wind_speed_bilbao_lag_168,historical_weather,1.6080448367120146,1.3157319239258631,0.37502207430606543,0.5709811646832641,5961
4,wind_speed_bilbao_lag_24,historical_weather,3.5495234925341195,2.890545159778926,0.8388896671521708,1.774452994151976,5961
4,wind_speed_madrid_lag_168,historical_weather,1.7797877945703657,1.5113681497856453,0.008540879724846377,0.6253908790983367,5961
4,wind_speed_madrid_lag_24,historical_weather,4.134821694008214,3.506863521705889,0.008540211050281278,2.0240914822845086,5961
4,wind_speed_national_mean_lag_168,weather_aggregate,-6.7262507455539815,5.459437684737447,-0.3800678108604957,3.8557257526034956,5961
4,wind_speed_national_mean_lag_24,weather_aggregate,-12.991878282213573,10.534353018403552,-0.7299921958572843,10.429784539893648,5961
4,wind_speed_seville_lag_168,historical_weather,1.8995585682242424,1.7018247671668478,0.06336003916429751,0.6390779489205203,5961
4,wind_speed_seville_lag_24,historical_weather,3.4681094716095036,3.092928853461514,0.11356808284555606,1.685165954324245,5961
4,wind_speed_valencia_lag_168,historical_weather,2.5650760229065366,1.8430274903749324,0.4901085556988085,0.9370867759117125,5961
4,wind_speed_valencia_lag_24,historical_weather,5.054675176084014,3.615546864434524,0.9506211525957251,2.2831138287997694,5961
