feature,feature_group,coefficient,abs_coefficient
day_of_year,calendar,-201.17535251087983,201.17535251087983
month,calendar,200.13061298757245,200.13061298757245
price_mean_lag24_lag48,historical_target,-31.65692667399445,31.65692667399445
generation_wind_onshore_lag_24,historical_generation,-30.735606126992785,30.735606126992785
renewable_generation_lag_24,historical_generation,21.48462994438401,21.48462994438401
price_day_ahead_lag_24,historical_target,21.10859810368711,21.10859810368711
generation_hydro_water_reservoir_lag_24,historical_generation,-19.250930187177254,19.250930187177254
total_generation_lag_24,historical_generation,18.872219966948833,18.872219966948833
clouds_all_national_mean_lag_168,weather_aggregate,-17.383689971921108,17.383689971921108
day_of_month,calendar,16.850602459731125,16.850602459731125
price_day_ahead_lag_48,historical_target,15.374692284588159,15.374692284588159
generation_solar_lag_24,historical_generation,-14.955782774065712,14.955782774065712
clouds_all_national_mean_lag_24,weather_aggregate,-14.560815497444148,14.560815497444148
wind_speed_national_mean_lag_24,weather_aggregate,-12.778972529096057,12.778972529096057
generation_wind_onshore_lag_168,historical_generation,-10.893472189383347,10.893472189383347
forecast_wind_share_of_load,day_ahead_forecast,-10.318950039312922,10.318950039312922
price_mean_lag24_lag48_lag168,historical_target,8.59389916282335,8.59389916282335
generation_fossil_gas_lag_24,historical_generation,-8.449286482559442,8.449286482559442
renewable_generation_lag_168,historical_generation,8.194548780765635,8.194548780765635
generation_fossil_hard_coal_lag_24,historical_generation,-7.540712935304201,7.540712935304201
wind_speed_national_mean_lag_168,weather_aggregate,-7.345020448829734,7.345020448829734
total_generation_lag_168,historical_generation,6.984979756566558,6.984979756566558
clouds_all_bilbao_lag_168,historical_weather,6.691450052023976,6.691450052023976
generation_hydro_water_reservoir_lag_168,historical_generation,-6.335473970151992,6.335473970151992
generation_solar_lag_168,historical_generation,-6.072132105572156,6.072132105572156
generation_hydro_run_of_river_and_poundage_lag_24,historical_generation,-5.913356158410447,5.913356158410447
clouds_all_madrid_lag_168,historical_weather,5.909921002434503,5.909921002434503
clouds_all_bilbao_lag_24,historical_weather,5.831663439849918,5.831663439849918
clouds_all_barcelona_lag_168,historical_weather,5.354353940381266,5.354353940381266
clouds_all_seville_lag_168,historical_weather,5.297475912718997,5.297475912718997
clouds_all_valencia_lag_168,historical_weather,5.171640394366617,5.171640394366617
clouds_all_madrid_lag_24,historical_weather,5.084479932031166,5.084479932031166
month_sin,calendar,-4.960231585130981,4.960231585130981
wind_speed_valencia_lag_24,historical_weather,4.844363448964459,4.844363448964459
clouds_all_barcelona_lag_24,historical_weather,4.800213782590185,4.800213782590185
clouds_all_seville_lag_24,historical_weather,4.519689589597113,4.519689589597113
total_load_forecast,day_ahead_forecast,4.481021329979025,4.481021329979025
clouds_all_valencia_lag_24,historical_weather,4.448424387790345,4.448424387790345
wind_speed_madrid_lag_24,historical_weather,3.963859055647318,3.963859055647318
renewable_share_lag_24,historical_generation,3.897875386725189,3.897875386725189
day_of_year_sin,calendar,3.6260432750283376,3.6260432750283376
wind_speed_bilbao_lag_24,historical_weather,3.6248094049105357,3.6248094049105357
generation_nuclear_lag_24,historical_generation,-3.5838728968371036,3.5838728968371036
wind_speed_barcelona_lag_24,historical_weather,3.5735262958017886,3.5735262958017886
wind_speed_seville_lag_24,historical_weather,3.401837581820878,3.401837581820878
generation_fossil_gas_lag_168,historical_generation,-3.3847390072943146,3.3847390072943146
total_load_actual_lag_24,historical_load,-3.1338073433209512,3.1338073433209512
humidity_national_mean_lag_168,weather_aggregate,2.947897178519144,2.947897178519144
wind_speed_valencia_lag_168,historical_weather,2.795481127767887,2.795481127767887
forecast_solar_day_ahead,day_ahead_forecast,-2.735152387593504,2.735152387593504
fraction_high_price_last_30d,diğer,2.5097476234923985,2.5097476234923985
generation_fossil_hard_coal_lag_168,historical_generation,-2.496220645693872,2.496220645693872
forecast_wind_onshore_day_ahead,day_ahead_forecast,2.4719462307140896,2.4719462307140896
humidity_national_mean_lag_24,weather_aggregate,2.3881094430005274,2.3881094430005274
wind_speed_seville_lag_168,historical_weather,2.094881056797174,2.094881056797174
price_max_lag24_lag48_lag168,historical_target,-2.0802307668768627,2.0802307668768627
wind_speed_madrid_lag_168,historical_weather,2.0777880672852245,2.0777880672852245
wind_speed_barcelona_lag_168,historical_weather,2.038656660922921,2.038656660922921
wind_speed_bilbao_lag_168,historical_weather,1.85384461975694,1.85384461975694
generation_biomass_lag_24,historical_generation,-1.7299846577962836,1.7299846577962836
temp_seville_lag_24,historical_weather,-1.6007789816090403,1.6007789816090403
humidity_seville_lag_24,historical_weather,-1.3169760205768257,1.3169760205768257
generation_hydro_run_of_river_and_poundage_lag_168,historical_generation,-1.3094846226245898,1.3094846226245898
humidity_seville_lag_168,historical_weather,-1.165071809527731,1.165071809527731
forecast_solar_share_of_load,day_ahead_forecast,-1.1235205734583786,1.1235205734583786
fraction_high_price_last_14d,diğer,-1.095906145266679,1.095906145266679
price_min_lag24_lag48_lag168,historical_target,-1.0861563203314208,1.0861563203314208
price_day_ahead_lag_168,historical_target,-1.0090668290016271,1.0090668290016271
renewable_forecast_total,day_ahead_forecast,0.9956891676104277,0.9956891676104277
price_std_lag24_lag48_lag168,historical_target,0.9563621879367187,0.9563621879367187
month_cos,calendar,0.9552352911834007,0.9552352911834007
humidity_madrid_lag_24,historical_weather,-0.9536239416131974,0.9536239416131974
humidity_valencia_lag_24,historical_weather,-0.9504339092908513,0.9504339092908513
temp_madrid_lag_168,historical_weather,0.9461061021643724,0.9461061021643724
generation_nuclear_lag_168,historical_generation,-0.9428135989128902,0.9428135989128902
humidity_madrid_lag_168,historical_weather,-0.8572808915104942,0.8572808915104942
generation_fossil_brown_coal_lignite_lag_168,historical_generation,-0.8445735786281363,0.8445735786281363
humidity_valencia_lag_168,historical_weather,-0.8355830972431442,0.8355830972431442
generation_biomass_lag_168,historical_generation,-0.8236390940629122,0.8236390940629122
week_of_year,calendar,-0.8197195799487492,0.8197195799487492
fossil_generation_lag_24,historical_generation,-0.8107349340886253,0.8107349340886253
day_of_week,calendar,-0.7852559961160694,0.7852559961160694
is_month_start,calendar,0.782562441257373,0.782562441257373
fossil_generation_lag_168,historical_generation,-0.7228724020661401,0.7228724020661401
total_load_actual_lag_168,historical_load,-0.704735153765739,0.704735153765739
generation_waste_lag_24,historical_generation,-0.6650729172600349,0.6650729172600349
temp_seville_lag_168,historical_weather,-0.6507745677978557,0.6507745677978557
hour_sin,calendar,-0.6375878679178937,0.6375878679178937
pressure_seville_lag_24,historical_weather,-0.6314461905901445,0.6314461905901445
humidity_barcelona_lag_168,historical_weather,-0.62620758723049,0.62620758723049
fraction_high_price_last_7d,diğer,0.6105289891951786,0.6105289891951786
temp_national_mean_lag_168,weather_aggregate,0.5969986144303512,0.5969986144303512
renewable_share_lag_168,historical_generation,0.5801737577913555,0.5801737577913555
pressure_madrid_lag_24,historical_weather,-0.5773506826822529,0.5773506826822529
generation_fossil_brown_coal_lignite_lag_24,historical_generation,-0.5738911853040644,0.5738911853040644
temp_barcelona_lag_168,historical_weather,-0.5721809801156342,0.5721809801156342
temp_valencia_lag_168,historical_weather,-0.5054919180941613,0.5054919180941613
rain_1h_national_max_lag_168,weather_aggregate,-0.46690685861674835,0.46690685861674835
generation_other_renewable_lag_168,historical_generation,-0.45711875837833804,0.45711875837833804
is_year_start,calendar,-0.4488458826666981,0.4488458826666981
humidity_bilbao_lag_168,historical_weather,-0.4394923387107308,0.4394923387107308
generation_fossil_oil_lag_24,historical_generation,-0.4326759079177236,0.4326759079177236
humidity_barcelona_lag_24,historical_weather,-0.42620094660435415,0.42620094660435415
day_of_year_cos,calendar,0.42387751302978655,0.42387751302978655
temp_bilbao_lag_24,historical_weather,0.4233202695570979,0.4233202695570979
humidity_bilbao_lag_24,historical_weather,-0.4071121225364374,0.4071121225364374
pressure_bilbao_lag_24,historical_weather,0.38861639974406015,0.38861639974406015
generation_other_lag_24,historical_generation,-0.37064785305589215,0.37064785305589215
rain_1h_barcelona_lag_168,historical_weather,0.3583963661508929,0.3583963661508929
hour_cos,calendar,-0.33104413874453237,0.33104413874453237
dow_sin,calendar,-0.31823836754735685,0.31823836754735685
temp_madrid_lag_24,historical_weather,-0.29119010861230116,0.29119010861230116
rain_1h_bilbao_lag_168,historical_weather,0.2848706804488024,0.2848706804488024
pressure_bilbao_lag_168,historical_weather,0.27797074745907185,0.27797074745907185
generation_other_renewable_lag_24,historical_generation,0.26465218997314965,0.26465218997314965
wind_deg_sin_madrid_lag_24,historical_weather,0.2639512066100157,0.2639512066100157
wind_deg_cos_madrid_lag_24,historical_weather,0.24744359767428156,0.24744359767428156
is_year_end,calendar,-0.2369016552146855,0.2369016552146855
dow_cos,calendar,-0.22177288247120783,0.22177288247120783
pressure_barcelona_lag_24,historical_weather,-0.2141245556225455,0.2141245556225455
load_forecast_error_lag_24,historical_load,0.19499079951855214,0.19499079951855214
temp_national_mean_lag_24,weather_aggregate,0.1935904706431437,0.1935904706431437
generation_fossil_oil_lag_168,historical_generation,0.17999864338835744,0.17999864338835744
is_weekend,calendar,0.17984372910760416,0.17984372910760416
rain_1h_barcelona_lag_24,historical_weather,0.17190853129712502,0.17190853129712502
rain_1h_national_max_lag_24,weather_aggregate,-0.16962411322373325,0.16962411322373325
generation_hydro_pumped_storage_consumption_lag_168,historical_generation,-0.16391362682289745,0.16391362682289745
quarter,calendar,0.16116153660411475,0.16116153660411475
wind_deg_cos_barcelona_lag_24,historical_weather,0.15613049996736053,0.15613049996736053
rain_1h_seville_lag_168,historical_weather,0.15320041879731008,0.15320041879731008
pressure_valencia_lag_24,historical_weather,-0.15160740534575975,0.15160740534575975
rain_1h_bilbao_lag_24,historical_weather,0.151279645635774,0.151279645635774
hour,calendar,-0.1378351744323726,0.1378351744323726
temp_bilbao_lag_168,historical_weather,0.12566807236258967,0.12566807236258967
pressure_valencia_lag_168,historical_weather,0.12485528149272906,0.12485528149272906
wind_deg_sin_barcelona_lag_24,historical_weather,-0.12057187285333791,0.12057187285333791
rain_1h_valencia_lag_168,historical_weather,0.1111258059378536,0.1111258059378536
wind_deg_sin_bilbao_lag_168,historical_weather,-0.10748623951877156,0.10748623951877156
rain_3h_bilbao_lag_24,historical_weather,0.09011033191696288,0.09011033191696288
wind_deg_cos_bilbao_lag_24,historical_weather,0.08944700652985232,0.08944700652985232
generation_waste_lag_168,historical_generation,-0.08611486939135758,0.08611486939135758
rain_3h_valencia_lag_168,historical_weather,0.08183582152912577,0.08183582152912577
rain_3h_valencia_lag_24,historical_weather,0.08027355276456925,0.08027355276456925
rain_1h_madrid_lag_168,historical_weather,0.07829426630597669,0.07829426630597669
pressure_madrid_lag_168,historical_weather,-0.07766544489724499,0.07766544489724499
wind_deg_sin_valencia_lag_168,historical_weather,-0.07508280295659368,0.07508280295659368
wind_deg_sin_madrid_lag_168,historical_weather,0.07459252623966522,0.07459252623966522
rain_3h_bilbao_lag_168,historical_weather,0.06966754559808705,0.06966754559808705
wind_deg_cos_barcelona_lag_168,historical_weather,-0.05849188377878181,0.05849188377878181
pressure_seville_lag_168,historical_weather,0.0569705384950814,0.0569705384950814
generation_hydro_pumped_storage_consumption_lag_24,historical_generation,0.05668620232346005,0.05668620232346005
wind_deg_sin_seville_lag_24,historical_weather,-0.053235119004848175,0.053235119004848175
snow_3h_valencia_lag_24,historical_weather,0.05165012305383771,0.05165012305383771
wind_deg_cos_seville_lag_168,historical_weather,0.05132663227477668,0.05132663227477668
snow_3h_madrid_lag_24,historical_weather,-0.04917456122997854,0.04917456122997854
snow_3h_bilbao_lag_168,historical_weather,0.046316853511355636,0.046316853511355636
snow_3h_madrid_lag_168,historical_weather,-0.04166903761233938,0.04166903761233938
is_month_end,calendar,-0.038433300049620915,0.038433300049620915
wind_deg_sin_seville_lag_168,historical_weather,-0.035963633638073776,0.035963633638073776
wind_deg_cos_valencia_lag_168,historical_weather,0.035322351910218465,0.035322351910218465
wind_deg_sin_bilbao_lag_24,historical_weather,-0.03465685398802919,0.03465685398802919
pressure_barcelona_lag_168,historical_weather,0.03386526863700133,0.03386526863700133
rain_3h_madrid_lag_24,historical_weather,0.03385924168232482,0.03385924168232482
snow_3h_bilbao_lag_24,historical_weather,0.03202561228731479,0.03202561228731479
rain_3h_seville_lag_168,historical_weather,-0.027973605821672347,0.027973605821672347
rain_1h_valencia_lag_24,historical_weather,0.02652005113288963,0.02652005113288963
rain_3h_barcelona_lag_24,historical_weather,0.021832723121716597,0.021832723121716597
wind_deg_cos_valencia_lag_24,historical_weather,0.02151553079236833,0.02151553079236833
wind_deg_cos_seville_lag_24,historical_weather,-0.02031048623515266,0.02031048623515266
rain_3h_madrid_lag_168,historical_weather,0.01727765689436536,0.01727765689436536
wind_deg_sin_valencia_lag_24,historical_weather,0.016411581328758695,0.016411581328758695
total_load_actual_lag_48,historical_load,0.01604743283515432,0.01604743283515432
generation_other_lag_168,historical_generation,-0.015632678324999687,0.015632678324999687
rain_3h_seville_lag_24,historical_weather,0.015407349279563384,0.015407349279563384
rain_1h_seville_lag_24,historical_weather,0.015100136653951825,0.015100136653951825
temp_valencia_lag_24,historical_weather,0.015052848366485034,0.015052848366485034
snow_3h_valencia_lag_168,historical_weather,-0.01479057761936158,0.01479057761936158
wind_deg_cos_bilbao_lag_168,historical_weather,-0.01326674312578731,0.01326674312578731
rain_1h_madrid_lag_24,historical_weather,0.009257788400141345,0.009257788400141345
temp_barcelona_lag_24,historical_weather,-0.007590728453120434,0.007590728453120434
wind_deg_sin_barcelona_lag_168,historical_weather,-0.007053520227120774,0.007053520227120774
wind_deg_cos_madrid_lag_168,historical_weather,-0.004400391428228741,0.004400391428228741
rain_3h_barcelona_lag_168,historical_weather,-0.0027483346760619823,0.0027483346760619823
snow_3h_barcelona_lag_168,historical_weather,0.0,0.0
snow_3h_barcelona_lag_24,historical_weather,0.0,0.0
snow_3h_seville_lag_168,historical_weather,0.0,0.0
snow_3h_seville_lag_24,historical_weather,0.0,0.0
