fold,feature,coefficient,abs_coefficient
1,month,222.19685972035992,222.19685972035992
1,day_of_year,-220.37138003616138,220.37138003616138
1,generation_wind_onshore_lag_24,-32.87648321005325,32.87648321005325
1,clouds_all_national_mean_lag_24,-28.196864899260387,28.196864899260387
1,renewable_generation_lag_24,27.54182184852886,27.54182184852886
1,generation_hydro_water_reservoir_lag_24,-21.10972444569168,21.10972444569168
1,day_of_month,20.356380868403434,20.356380868403434
1,generation_solar_lag_24,-16.482930071574216,16.482930071574216
1,price_mean_lag24_lag48,-16.04731369713125,16.04731369713125
1,total_generation_lag_24,14.990613447236566,14.990613447236566
1,generation_wind_onshore_lag_168,-12.72476854713711,12.72476854713711
1,price_day_ahead_lag_24,12.275877037137725,12.275877037137725
1,renewable_generation_lag_168,12.039444378954638,12.039444378954638
1,clouds_all_bilbao_lag_24,11.075633422385376,11.075633422385376
1,clouds_all_national_mean_lag_168,-9.69423726948481,9.69423726948481
1,clouds_all_madrid_lag_24,9.477040345826847,9.477040345826847
1,clouds_all_seville_lag_24,8.74913932788936,8.74913932788936
1,clouds_all_valencia_lag_24,8.715411637529703,8.715411637529703
1,wind_speed_national_mean_lag_24,-8.543862943564003,8.543862943564003
1,clouds_all_barcelona_lag_24,8.365878056330088,8.365878056330088
1,generation_hydro_water_reservoir_lag_168,-7.611535685865295,7.611535685865295
1,forecast_wind_share_of_load,-7.502167640715276,7.502167640715276
1,generation_solar_lag_168,-7.415314327381417,7.415314327381417
1,price_day_ahead_lag_48,7.355280299405982,7.355280299405982
1,total_generation_lag_168,6.985028303349968,6.985028303349968
1,generation_fossil_hard_coal_lag_24,-6.859578859755681,6.859578859755681
1,generation_hydro_run_of_river_and_poundage_lag_24,-5.772764280615179,5.772764280615179
1,total_load_forecast,5.237195411362941,5.237195411362941
1,price_mean_lag24_lag48_lag168,5.218118568566558,5.218118568566558
1,humidity_national_mean_lag_24,5.101326744299526,5.101326744299526
1,generation_fossil_gas_lag_24,-4.873309592994624,4.873309592994624
1,clouds_all_bilbao_lag_168,3.691137254326958,3.691137254326958
1,wind_speed_valencia_lag_24,3.3358906532348946,3.3358906532348946
1,clouds_all_valencia_lag_168,3.1931731485816015,3.1931731485816015
1,wind_speed_madrid_lag_24,3.0119905089395878,3.0119905089395878
1,clouds_all_madrid_lag_168,3.0057358394133002,3.0057358394133002
1,total_load_actual_lag_24,-2.9796780283529487,2.9796780283529487
1,wind_speed_national_mean_lag_168,-2.9432659343207046,2.9432659343207046
1,renewable_share_lag_24,2.8731869572644744,2.8731869572644744
1,generation_nuclear_lag_24,-2.861828681146013,2.861828681146013
1,clouds_all_seville_lag_168,2.8334712510863564,2.8334712510863564
1,humidity_seville_lag_24,-2.7300118206300246,2.7300118206300246
1,generation_fossil_gas_lag_168,-2.6683776664945418,2.6683776664945418
1,clouds_all_barcelona_lag_168,2.6640565832542427,2.6640565832542427
1,forecast_solar_share_of_load,-2.6122314904300254,2.6122314904300254
1,total_load_actual_lag_168,-2.434805665737143,2.434805665737143
1,wind_speed_seville_lag_24,2.4128937814797244,2.4128937814797244
1,wind_speed_bilbao_lag_24,2.3586276210787136,2.3586276210787136
1,wind_speed_barcelona_lag_24,2.2491563534801053,2.2491563534801053
1,generation_fossil_hard_coal_lag_168,-2.155217982748035,2.155217982748035
1,temp_madrid_lag_168,1.9076052823511593,1.9076052823511593
1,temp_seville_lag_24,-1.8534136480390593,1.8534136480390593
1,generation_biomass_lag_24,-1.7868503769610231,1.7868503769610231
1,day_of_year_sin,-1.7057884221142112,1.7057884221142112
1,humidity_valencia_lag_24,-1.6702338234824499,1.6702338234824499
1,humidity_madrid_lag_24,-1.639620856053721,1.639620856053721
1,humidity_national_mean_lag_168,1.601971004914185,1.601971004914185
1,week_of_year,-1.2943103746150972,1.2943103746150972
1,humidity_bilbao_lag_24,-1.2899340076151928,1.2899340076151928
1,humidity_barcelona_lag_24,-1.1982241936430496,1.1982241936430496
1,month_sin,-1.1785745346495666,1.1785745346495666
1,wind_speed_valencia_lag_168,1.1780591421951032,1.1780591421951032
1,fossil_generation_lag_24,-1.1450014126791421,1.1450014126791421
1,quarter,-1.0992284315743885,1.0992284315743885
1,generation_nuclear_lag_168,-1.0501720087433741,1.0501720087433741
1,day_of_year_cos,0.9451304240738808,0.9451304240738808
1,wind_speed_barcelona_lag_168,0.9240690457936721,0.9240690457936721
1,generation_other_renewable_lag_168,-0.9110052693482434,0.9110052693482434
1,generation_hydro_run_of_river_and_poundage_lag_168,-0.8844325058220475,0.8844325058220475
1,wind_speed_seville_lag_168,0.8763219526899775,0.8763219526899775
1,temp_national_mean_lag_24,-0.8630251964967813,0.8630251964967813
1,wind_speed_madrid_lag_168,0.8315715280479125,0.8315715280479125
1,humidity_seville_lag_168,-0.830364452368995,0.830364452368995
1,temp_seville_lag_168,-0.8137011042127132,0.8137011042127132
1,day_of_week,-0.7482036964478083,0.7482036964478083
1,price_std_lag24_lag48_lag168,0.6904457490676469,0.6904457490676469
1,is_month_start,0.6604866514451432,0.6604866514451432
1,total_load_actual_lag_48,0.6128014018504331,0.6128014018504331
1,month_cos,-0.6061959540180366,0.6061959540180366
1,generation_fossil_brown_coal_lignite_lag_24,-0.6006372419273316,0.6006372419273316
1,pressure_madrid_lag_24,-0.579814573849672,0.579814573849672
1,hour_sin,-0.5609112698682194,0.5609112698682194
1,wind_speed_bilbao_lag_168,0.5425929115072522,0.5425929115072522
1,humidity_barcelona_lag_168,-0.5257875069265575,0.5257875069265575
1,price_max_lag24_lag48_lag168,-0.519098012045373,0.519098012045373
1,wind_deg_sin_madrid_lag_24,0.5165455466649116,0.5165455466649116
1,generation_fossil_brown_coal_lignite_lag_168,-0.503714858128051,0.503714858128051
1,forecast_solar_day_ahead,-0.49377200768311846,0.49377200768311846
1,temp_valencia_lag_168,-0.47659591581004157,0.47659591581004157
1,generation_other_lag_168,-0.44501892912540103,0.44501892912540103
1,temp_madrid_lag_24,0.4229095189492833,0.4229095189492833
1,price_min_lag24_lag48_lag168,-0.40694898971198507,0.40694898971198507
1,temp_valencia_lag_24,0.40476810050500117,0.40476810050500117
1,rain_1h_barcelona_lag_168,0.4039243122475062,0.4039243122475062
1,hour_cos,-0.40345335376431507,0.40345335376431507
1,humidity_valencia_lag_168,-0.38671209970874537,0.38671209970874537
1,price_day_ahead_lag_168,0.3766498091008983,0.3766498091008983
1,rain_1h_national_max_lag_168,-0.37594993456460274,0.37594993456460274
1,generation_waste_lag_168,-0.36069397684076854,0.36069397684076854
1,generation_fossil_oil_lag_168,0.3599215865654871,0.3599215865654871
1,rain_3h_bilbao_lag_24,0.32016865406628964,0.32016865406628964
1,forecast_wind_onshore_day_ahead,0.3078133115390049,0.3078133115390049
1,rain_1h_bilbao_lag_168,0.3064267082404167,0.3064267082404167
1,humidity_bilbao_lag_168,-0.2879231092975892,0.2879231092975892
1,generation_waste_lag_24,-0.28269455222942674,0.28269455222942674
1,pressure_barcelona_lag_24,-0.2754273653151629,0.2754273653151629
1,generation_fossil_oil_lag_24,0.2609962600388203,0.2609962600388203
1,renewable_share_lag_168,0.2437451137245623,0.2437451137245623
1,generation_other_lag_24,-0.24139190134475694,0.24139190134475694
1,generation_other_renewable_lag_24,-0.22707660873784855,0.22707660873784855
1,load_forecast_error_lag_24,0.21253491182471718,0.21253491182471718
1,fossil_generation_lag_168,-0.21244199319669063,0.21244199319669063
1,is_year_start,0.20714420846096154,0.20714420846096154
1,dow_cos,-0.2020896373651717,0.2020896373651717
1,wind_deg_cos_madrid_lag_168,0.19084341471442434,0.19084341471442434
1,pressure_madrid_lag_168,-0.1860293152982915,0.1860293152982915
1,wind_deg_cos_seville_lag_168,0.1830279894511304,0.1830279894511304
1,rain_1h_barcelona_lag_24,0.18220934315443832,0.18220934315443832
1,pressure_valencia_lag_24,-0.17551700876689225,0.17551700876689225
1,wind_deg_cos_bilbao_lag_168,-0.17328045520675323,0.17328045520675323
1,wind_deg_cos_madrid_lag_24,0.16915226231714164,0.16915226231714164
1,pressure_bilbao_lag_168,0.16729003381472024,0.16729003381472024
1,is_weekend,0.16699709740921823,0.16699709740921823
1,generation_hydro_pumped_storage_consumption_lag_168,-0.15961057783779828,0.15961057783779828
1,temp_barcelona_lag_168,-0.1574930284685012,0.1574930284685012
1,wind_deg_cos_barcelona_lag_24,0.1549882508017564,0.1549882508017564
1,snow_3h_bilbao_lag_168,0.15012753970222928,0.15012753970222928
1,wind_deg_sin_seville_lag_24,-0.1484100679111658,0.1484100679111658
1,generation_hydro_pumped_storage_consumption_lag_24,-0.139658483430912,0.139658483430912
1,pressure_seville_lag_24,-0.13575962183723367,0.13575962183723367
1,wind_deg_sin_valencia_lag_168,-0.1324184446493112,0.1324184446493112
1,snow_3h_bilbao_lag_24,0.13195481321258962,0.13195481321258962
1,is_year_end,0.12190437191373735,0.12190437191373735
1,pressure_seville_lag_168,0.11731474220413547,0.11731474220413547
1,dow_sin,-0.11053808225126935,0.11053808225126935
1,rain_1h_national_max_lag_24,-0.10604146015061575,0.10604146015061575
1,rain_1h_valencia_lag_168,0.105616831266878,0.105616831266878
1,wind_deg_cos_seville_lag_24,-0.09091081404924477,0.09091081404924477
1,pressure_bilbao_lag_24,0.08915165591691314,0.08915165591691314
1,rain_3h_valencia_lag_168,0.08380166407445504,0.08380166407445504
1,snow_3h_madrid_lag_24,-0.08190096035061356,0.08190096035061356
1,rain_3h_valencia_lag_24,0.08165742413234794,0.08165742413234794
1,rain_1h_bilbao_lag_24,0.08061074214167244,0.08061074214167244
1,wind_deg_cos_valencia_lag_24,-0.07633061642999359,0.07633061642999359
1,rain_1h_seville_lag_168,0.06662199413813014,0.06662199413813014
1,wind_deg_sin_barcelona_lag_168,0.06063004574576555,0.06063004574576555
1,snow_3h_valencia_lag_24,0.05907571756584675,0.05907571756584675
1,hour,-0.059016336974175215,0.059016336974175215
1,wind_deg_cos_bilbao_lag_24,-0.058562053651713665,0.058562053651713665
1,temp_bilbao_lag_24,0.05752814404348739,0.05752814404348739
1,rain_3h_seville_lag_168,-0.056383263264365456,0.056383263264365456
1,rain_1h_valencia_lag_24,-0.05280935137386226,0.05280935137386226
1,snow_3h_madrid_lag_168,-0.05192523521910595,0.05192523521910595
1,temp_national_mean_lag_168,0.049312084316482985,0.049312084316482985
1,pressure_barcelona_lag_168,0.04902873026386717,0.04902873026386717
1,snow_3h_valencia_lag_168,-0.04832861377431412,0.04832861377431412
1,rain_3h_madrid_lag_168,0.04831488239293891,0.04831488239293891
1,pressure_valencia_lag_168,-0.04805046574837479,0.04805046574837479
1,temp_barcelona_lag_24,0.04786030579069767,0.04786030579069767
1,renewable_forecast_total,0.046492811278296735,0.046492811278296735
1,rain_1h_seville_lag_24,0.04471472235833808,0.04471472235833808
1,wind_deg_sin_madrid_lag_168,0.04397899203844127,0.04397899203844127
1,wind_deg_sin_bilbao_lag_24,-0.0412003551504185,0.0412003551504185
1,wind_deg_sin_valencia_lag_24,-0.03938727109616306,0.03938727109616306
1,rain_3h_bilbao_lag_168,0.038311862095396054,0.038311862095396054
1,generation_biomass_lag_168,0.03247433256819569,0.03247433256819569
1,humidity_madrid_lag_168,0.028371860120712,0.028371860120712
1,wind_deg_sin_bilbao_lag_168,-0.026395692074910153,0.026395692074910153
1,temp_bilbao_lag_168,-0.020829748157871853,0.020829748157871853
1,rain_3h_barcelona_lag_168,-0.016914803857560175,0.016914803857560175
1,rain_1h_madrid_lag_24,0.016685270530022146,0.016685270530022146
1,wind_deg_sin_seville_lag_168,0.01593550524163526,0.01593550524163526
1,rain_3h_madrid_lag_24,0.013906022782371668,0.013906022782371668
1,is_month_end,0.012075738189517602,0.012075738189517602
1,rain_3h_barcelona_lag_24,0.011442180740300482,0.011442180740300482
1,wind_deg_cos_barcelona_lag_168,-0.010013157397634587,0.010013157397634587
1,rain_1h_madrid_lag_168,0.009746209767412133,0.009746209767412133
1,wind_deg_sin_barcelona_lag_24,-0.0020798568453731536,0.0020798568453731536
1,wind_deg_cos_valencia_lag_168,-0.001801092248243489,0.001801092248243489
1,rain_3h_seville_lag_24,0.0007710680464221273,0.0007710680464221273
1,snow_3h_barcelona_lag_24,0.0,0.0
1,snow_3h_barcelona_lag_168,0.0,0.0
1,snow_3h_seville_lag_24,0.0,0.0
1,snow_3h_seville_lag_168,0.0,0.0
2,month,257.29526196633066,257.29526196633066
2,day_of_year,-257.0031519541472,257.0031519541472
2,generation_wind_onshore_lag_24,-35.7049732269587,35.7049732269587
2,renewable_generation_lag_24,31.260955264061618,31.260955264061618
2,clouds_all_national_mean_lag_24,-25.78469967849021,25.78469967849021
2,generation_hydro_water_reservoir_lag_24,-23.038823296315904,23.038823296315904
2,day_of_month,21.537734873935253,21.537734873935253
2,price_mean_lag24_lag48,-21.316579696219172,21.316579696219172
2,generation_solar_lag_24,-17.615076283228472,17.615076283228472
2,total_generation_lag_24,16.296151399664705,16.296151399664705
2,price_day_ahead_lag_24,15.197993302564461,15.197993302564461
2,renewable_generation_lag_168,12.074151923194808,12.074151923194808
2,generation_wind_onshore_lag_168,-11.969999726238385,11.969999726238385
2,clouds_all_national_mean_lag_168,-11.209405972243216,11.209405972243216
2,clouds_all_bilbao_lag_24,10.147121689135867,10.147121689135867
2,price_day_ahead_lag_48,10.130102889622517,10.130102889622517
2,wind_speed_national_mean_lag_24,-9.021317664725379,9.021317664725379
2,clouds_all_madrid_lag_24,8.919403290216422,8.919403290216422
2,clouds_all_valencia_lag_24,8.1213648678446,8.1213648678446
2,clouds_all_seville_lag_24,7.783788014363578,7.783788014363578
2,clouds_all_barcelona_lag_24,7.742902063901775,7.742902063901775
2,price_mean_lag24_lag48_lag168,7.294376313052799,7.294376313052799
2,generation_hydro_water_reservoir_lag_168,-7.23958906577938,7.23958906577938
2,forecast_wind_share_of_load,-7.238350006383149,7.238350006383149
2,total_generation_lag_168,6.742127595693916,6.742127595693916
2,generation_solar_lag_168,-6.578151603278961,6.578151603278961
2,generation_hydro_run_of_river_and_poundage_lag_24,-6.190645286470069,6.190645286470069
2,generation_fossil_hard_coal_lag_24,-5.454325546245748,5.454325546245748
2,humidity_national_mean_lag_24,5.264538458159776,5.264538458159776
2,total_load_forecast,5.256363873626701,5.256363873626701
2,generation_fossil_gas_lag_24,-4.388310486883315,4.388310486883315
2,clouds_all_bilbao_lag_168,4.314464291096552,4.314464291096552
2,wind_speed_national_mean_lag_168,-4.208922537380423,4.208922537380423
2,fossil_generation_lag_24,-3.937112207227339,3.937112207227339
2,clouds_all_madrid_lag_168,3.7103457460473552,3.7103457460473552
2,clouds_all_valencia_lag_168,3.52226204559007,3.52226204559007
2,wind_speed_valencia_lag_24,3.4887864286361623,3.4887864286361623
2,generation_nuclear_lag_24,-3.3647404554260225,3.3647404554260225
2,total_load_actual_lag_24,-3.3447984828816657,3.3447984828816657
2,clouds_all_seville_lag_168,3.2780524010103314,3.2780524010103314
2,month_sin,-3.1830415577958484,3.1830415577958484
2,wind_speed_madrid_lag_24,3.139033241411244,3.139033241411244
2,clouds_all_barcelona_lag_168,3.0819822441014053,3.0819822441014053
2,renewable_share_lag_24,2.9900418168762415,2.9900418168762415
2,wind_speed_bilbao_lag_24,2.5830498874027583,2.5830498874027583
2,humidity_national_mean_lag_168,2.5603516673796007,2.5603516673796007
2,wind_speed_seville_lag_24,2.5207565740290425,2.5207565740290425
2,humidity_seville_lag_24,-2.5083970826536204,2.5083970826536204
2,wind_speed_barcelona_lag_24,2.4430655066482836,2.4430655066482836
2,total_load_actual_lag_168,-2.231660968456034,2.231660968456034
2,temp_seville_lag_24,-2.215019076942658,2.215019076942658
2,generation_fossil_gas_lag_168,-2.088038858208953,2.088038858208953
2,generation_biomass_lag_24,-1.8694186769970234,1.8694186769970234
2,forecast_solar_share_of_load,-1.8263210945331463,1.8263210945331463
2,generation_fossil_hard_coal_lag_168,-1.7581395702758453,1.7581395702758453
2,price_max_lag24_lag48_lag168,-1.7285014431847465,1.7285014431847465
2,fossil_generation_lag_168,-1.6623943751072263,1.6623943751072263
2,humidity_valencia_lag_24,-1.662016791610434,1.662016791610434
2,humidity_madrid_lag_24,-1.661436342723972,1.661436342723972
2,wind_speed_valencia_lag_168,1.6087487410329113,1.6087487410329113
2,day_of_year_cos,1.5470438160803035,1.5470438160803035
2,week_of_year,-1.4183390526993653,1.4183390526993653
2,wind_speed_seville_lag_168,1.225716956576142,1.225716956576142
2,forecast_solar_day_ahead,-1.2247261947517514,1.2247261947517514
2,humidity_bilbao_lag_24,-1.2148910664515749,1.2148910664515749
2,quarter,-1.1770125992418952,1.1770125992418952
2,wind_speed_madrid_lag_168,1.1579562423072223,1.1579562423072223
2,wind_speed_barcelona_lag_168,1.1548060877254778,1.1548060877254778
2,humidity_seville_lag_168,-1.1450168646792482,1.1450168646792482
2,temp_madrid_lag_168,1.1072250950222557,1.1072250950222557
2,humidity_barcelona_lag_24,-1.1049947716202515,1.1049947716202515
2,price_std_lag24_lag48_lag168,1.104355066781907,1.104355066781907
2,generation_nuclear_lag_168,-1.0336195514396804,1.0336195514396804
2,generation_hydro_run_of_river_and_poundage_lag_168,-0.9819519176049878,0.9819519176049878
2,generation_other_renewable_lag_168,-0.8804401597880217,0.8804401597880217
2,wind_speed_bilbao_lag_168,0.8437016454359793,0.8437016454359793
2,temp_barcelona_lag_168,-0.7774070106230322,0.7774070106230322
2,temp_national_mean_lag_24,0.7260742066383057,0.7260742066383057
2,day_of_week,-0.7119857371935558,0.7119857371935558
2,temp_seville_lag_168,-0.7117271031929725,0.7117271031929725
2,humidity_bilbao_lag_168,-0.68355340701699,0.68355340701699
2,temp_barcelona_lag_24,-0.6648777278502535,0.6648777278502535
2,pressure_bilbao_lag_168,0.6564167433774935,0.6564167433774935
2,rain_1h_national_max_lag_168,-0.6531376967978003,0.6531376967978003
2,pressure_bilbao_lag_24,0.6264992822318967,0.6264992822318967
2,humidity_barcelona_lag_168,-0.6114368847133408,0.6114368847133408
2,pressure_madrid_lag_24,-0.590522862388708,0.590522862388708
2,generation_waste_lag_24,-0.5732545394513856,0.5732545394513856
2,renewable_share_lag_168,-0.5661413178040875,0.5661413178040875
2,hour_sin,-0.5574389435076783,0.5574389435076783
2,rain_1h_barcelona_lag_168,0.5563032185990754,0.5563032185990754
2,month_cos,-0.5192657467716372,0.5192657467716372
2,generation_other_lag_24,-0.508962840041602,0.508962840041602
2,temp_valencia_lag_24,0.49706395016623406,0.49706395016623406
2,temp_bilbao_lag_168,-0.48797319977906345,0.48797319977906345
2,wind_deg_sin_madrid_lag_24,0.4470568318985553,0.4470568318985553
2,temp_national_mean_lag_168,0.43896717888011044,0.43896717888011044
2,forecast_wind_onshore_day_ahead,0.42511455720585367,0.42511455720585367
2,price_min_lag24_lag48_lag168,-0.4068434021004794,0.4068434021004794
2,humidity_madrid_lag_168,-0.39608849075804925,0.39608849075804925
2,hour_cos,-0.38429974852967086,0.38429974852967086
2,generation_biomass_lag_168,-0.3811514707072649,0.3811514707072649
2,humidity_valencia_lag_168,-0.36987080030157266,0.36987080030157266
2,pressure_seville_lag_24,-0.3477922185442326,0.3477922185442326
2,rain_1h_bilbao_lag_168,0.3381934513052157,0.3381934513052157
2,generation_fossil_brown_coal_lignite_lag_168,-0.3126697221118243,0.3126697221118243
2,temp_valencia_lag_168,0.28826720604384565,0.28826720604384565
2,generation_fossil_oil_lag_24,-0.28242769500976594,0.28242769500976594
2,total_load_actual_lag_48,0.2643007018883355,0.2643007018883355
2,pressure_barcelona_lag_24,-0.23303235603492006,0.23303235603492006
2,wind_deg_cos_madrid_lag_24,0.21926632450314484,0.21926632450314484
2,load_forecast_error_lag_24,0.21558500848599652,0.21558500848599652
2,pressure_madrid_lag_168,-0.2126519082851979,0.2126519082851979
2,pressure_valencia_lag_24,-0.21035161575762393,0.21035161575762393
2,is_month_start,0.20244614852201753,0.20244614852201753
2,generation_waste_lag_168,-0.19517449135783652,0.19517449135783652
2,renewable_forecast_total,-0.19401967207548756,0.19401967207548756
2,generation_hydro_pumped_storage_consumption_lag_168,-0.19376318368718046,0.19376318368718046
2,dow_cos,-0.18628893037020736,0.18628893037020736
2,wind_deg_sin_seville_lag_24,-0.17976761058021176,0.17976761058021176
2,wind_deg_sin_valencia_lag_168,-0.17370589700281938,0.17370589700281938
2,snow_3h_bilbao_lag_24,0.16485532165673256,0.16485532165673256
2,wind_deg_cos_seville_lag_168,0.1574782511017148,0.1574782511017148
2,is_year_start,0.15525240069300952,0.15525240069300952
2,snow_3h_bilbao_lag_168,0.1520178367197969,0.1520178367197969
2,wind_deg_cos_barcelona_lag_24,0.13995286277697022,0.13995286277697022
2,temp_madrid_lag_24,0.13815825020051184,0.13815825020051184
2,generation_fossil_oil_lag_168,0.13386361172789554,0.13386361172789554
2,dow_sin,-0.12620997472884463,0.12620997472884463
2,wind_deg_cos_bilbao_lag_24,0.12396442755199451,0.12396442755199451
2,rain_1h_seville_lag_168,0.12339620194139858,0.12339620194139858
2,rain_1h_valencia_lag_168,0.12019446548792387,0.12019446548792387
2,generation_other_lag_168,-0.11753470754150998,0.11753470754150998
2,wind_deg_cos_valencia_lag_168,0.1154879802208952,0.1154879802208952
2,rain_1h_barcelona_lag_24,0.11456070023837188,0.11456070023837188
2,rain_3h_valencia_lag_168,0.10844636790266252,0.10844636790266252
2,wind_deg_sin_barcelona_lag_24,-0.1075874232917555,0.1075874232917555
2,is_weekend,0.10443805211800916,0.10443805211800916
2,temp_bilbao_lag_24,-0.1020991762201378,0.1020991762201378
2,wind_deg_cos_valencia_lag_24,-0.0989768291856533,0.0989768291856533
2,generation_hydro_pumped_storage_consumption_lag_24,-0.09610543441750134,0.09610543441750134
2,rain_3h_bilbao_lag_24,0.09526935368097163,0.09526935368097163
2,rain_1h_madrid_lag_168,0.09325750459054391,0.09325750459054391
2,generation_other_renewable_lag_24,0.08639460386734155,0.08639460386734155
2,snow_3h_madrid_lag_24,-0.08483846640710817,0.08483846640710817
2,wind_deg_sin_barcelona_lag_168,0.08472346214657589,0.08472346214657589
2,is_year_end,0.08242894151421022,0.08242894151421022
2,rain_3h_bilbao_lag_168,0.07602098969780365,0.07602098969780365
2,pressure_barcelona_lag_168,0.07440166676795806,0.07440166676795806
2,generation_fossil_brown_coal_lignite_lag_24,-0.06993652448057272,0.06993652448057272
2,pressure_seville_lag_168,-0.06893099211635859,0.06893099211635859
2,is_month_end,0.06164470002495334,0.06164470002495334
2,wind_deg_cos_barcelona_lag_168,-0.06007682191773388,0.06007682191773388
2,snow_3h_valencia_lag_24,0.05526917864549161,0.05526917864549161
2,rain_3h_valencia_lag_24,0.05339117160874138,0.05339117160874138
2,rain_3h_madrid_lag_168,0.05221423297651186,0.05221423297651186
2,snow_3h_madrid_lag_168,-0.05060284978709038,0.05060284978709038
2,rain_1h_madrid_lag_24,0.04825981805142963,0.04825981805142963
2,rain_1h_seville_lag_24,0.04574920453326105,0.04574920453326105
2,rain_1h_valencia_lag_24,-0.04471788004985496,0.04471788004985496
2,rain_3h_seville_lag_168,-0.039235107216716754,0.039235107216716754
2,wind_deg_sin_bilbao_lag_168,-0.03716465182611941,0.03716465182611941
2,rain_3h_madrid_lag_24,0.03537791747806917,0.03537791747806917
2,day_of_year_sin,0.03488384307938581,0.03488384307938581
2,pressure_valencia_lag_168,0.03486537901147436,0.03486537901147436
2,rain_3h_barcelona_lag_24,0.03363734948955655,0.03363734948955655
2,rain_3h_barcelona_lag_168,-0.030350483087578376,0.030350483087578376
2,wind_deg_sin_seville_lag_168,-0.028639178363457668,0.028639178363457668
2,wind_deg_sin_bilbao_lag_24,-0.02768245217464722,0.02768245217464722
2,snow_3h_valencia_lag_168,-0.02686511258107045,0.02686511258107045
2,wind_deg_sin_valencia_lag_24,-0.023851509441494646,0.023851509441494646
2,rain_1h_bilbao_lag_24,0.02149314365205475,0.02149314365205475
2,wind_deg_sin_madrid_lag_168,0.01747619449644267,0.01747619449644267
2,wind_deg_cos_madrid_lag_168,0.014904936827165602,0.014904936827165602
2,wind_deg_cos_bilbao_lag_168,-0.00958852746661336,0.00958852746661336
2,hour,-0.0077834199045026635,0.0077834199045026635
2,rain_3h_seville_lag_24,0.004592827144307454,0.004592827144307454
2,rain_1h_national_max_lag_24,-0.002428930336153959,0.002428930336153959
2,price_day_ahead_lag_168,-0.0011325933786514714,0.0011325933786514714
2,wind_deg_cos_seville_lag_24,-0.0007745567652061587,0.0007745567652061587
2,snow_3h_barcelona_lag_24,0.0,0.0
2,snow_3h_barcelona_lag_168,0.0,0.0
2,snow_3h_seville_lag_24,0.0,0.0
2,snow_3h_seville_lag_168,0.0,0.0
3,month,218.34929675191344,218.34929675191344
3,day_of_year,-218.11482955166483,218.11482955166483
3,generation_wind_onshore_lag_24,-34.47555076663609,34.47555076663609
3,renewable_generation_lag_24,29.78445868065338,29.78445868065338
3,clouds_all_national_mean_lag_24,-29.354547982371006,29.354547982371006
3,price_mean_lag24_lag48,-25.725105362858198,25.725105362858198
3,generation_hydro_water_reservoir_lag_24,-22.073931072298013,22.073931072298013
3,day_of_month,18.40953489926945,18.40953489926945
3,price_day_ahead_lag_24,18.30111332415751,18.30111332415751
3,clouds_all_national_mean_lag_168,-17.404415899469523,17.404415899469523
3,generation_solar_lag_24,-17.179816819046426,17.179816819046426
3,total_generation_lag_24,16.03031909934831,16.03031909934831
3,generation_wind_onshore_lag_168,-12.834572473012297,12.834572473012297
3,renewable_generation_lag_168,12.784202075115713,12.784202075115713
3,price_day_ahead_lag_48,12.457853987288964,12.457853987288964
3,clouds_all_bilbao_lag_24,11.358118271640546,11.358118271640546
3,wind_speed_national_mean_lag_24,-11.19134648838298,11.19134648838298
3,clouds_all_madrid_lag_24,10.072048051424128,10.072048051424128
3,clouds_all_valencia_lag_24,9.188435044613275,9.188435044613275
3,clouds_all_barcelona_lag_24,9.037645316260752,9.037645316260752
3,clouds_all_seville_lag_24,8.952693136473846,8.952693136473846
3,price_mean_lag24_lag48_lag168,8.62311656261012,8.62311656261012
3,forecast_wind_share_of_load,-7.945130418355174,7.945130418355174
3,generation_hydro_water_reservoir_lag_168,-7.805481411835969,7.805481411835969
3,humidity_national_mean_lag_24,7.764635526463101,7.764635526463101
3,total_generation_lag_168,7.108801669125162,7.108801669125162
3,generation_solar_lag_168,-6.795597749175122,6.795597749175122
3,wind_speed_national_mean_lag_168,-6.64729793225698,6.64729793225698
3,clouds_all_bilbao_lag_168,6.642669475826485,6.642669475826485
3,generation_hydro_run_of_river_and_poundage_lag_24,-5.796903103593356,5.796903103593356
3,clouds_all_madrid_lag_168,5.778613891264771,5.778613891264771
3,total_load_forecast,5.491959356873423,5.491959356873423
3,clouds_all_valencia_lag_168,5.427641321460358,5.427641321460358
3,clouds_all_seville_lag_168,5.1555829197121446,5.1555829197121446
3,clouds_all_barcelona_lag_168,4.9827157984160175,4.9827157984160175
3,fossil_generation_lag_24,-4.644391115208725,4.644391115208725
3,wind_speed_valencia_lag_24,4.488171522141303,4.488171522141303
3,generation_fossil_hard_coal_lag_24,-4.412594085877286,4.412594085877286
3,month_sin,-4.145778859931157,4.145778859931157
3,humidity_national_mean_lag_168,4.108895322750901,4.108895322750901
3,total_load_actual_lag_24,-4.105831513809684,4.105831513809684
3,generation_fossil_gas_lag_24,-4.066849896923796,4.066849896923796
3,wind_speed_madrid_lag_24,3.7893340116422327,3.7893340116422327
3,renewable_share_lag_24,3.47905710116332,3.47905710116332
3,humidity_seville_lag_24,-3.281638633147807,3.281638633147807
3,wind_speed_bilbao_lag_24,3.115267872527806,3.115267872527806
3,wind_speed_barcelona_lag_24,3.06816413339225,3.06816413339225
3,wind_speed_seville_lag_24,3.030611405684584,3.030611405684584
3,generation_nuclear_lag_24,-2.8909430541593184,2.8909430541593184
3,humidity_madrid_lag_24,-2.8293754506726114,2.8293754506726114
3,wind_speed_valencia_lag_168,2.678214552118596,2.678214552118596
3,humidity_valencia_lag_24,-2.359105874660533,2.359105874660533
3,fossil_generation_lag_168,-2.247682966082451,2.247682966082451
3,price_max_lag24_lag48_lag168,-2.187800582590176,2.187800582590176
3,generation_fossil_gas_lag_168,-2.08132876395477,2.08132876395477
3,total_load_actual_lag_168,-2.038920382839547,2.038920382839547
3,day_of_year_sin,1.9617798375255726,1.9617798375255726
3,temp_seville_lag_24,-1.9473049620117637,1.9473049620117637
3,generation_fossil_hard_coal_lag_168,-1.9437110561420141,1.9437110561420141
3,generation_biomass_lag_24,-1.9381660596168138,1.9381660596168138
3,wind_speed_seville_lag_168,1.8992765740930808,1.8992765740930808
3,wind_speed_madrid_lag_168,1.8654716937138327,1.8654716937138327
3,wind_speed_barcelona_lag_168,1.851390537324393,1.851390537324393
3,week_of_year,-1.7939510456539867,1.7939510456539867
3,forecast_solar_day_ahead,-1.7765401423082743,1.7765401423082743
3,humidity_bilbao_lag_24,-1.7230693196914086,1.7230693196914086
3,wind_speed_bilbao_lag_168,1.7084406075989707,1.7084406075989707
3,humidity_barcelona_lag_24,-1.6558677998214049,1.6558677998214049
3,day_of_year_cos,1.3921885887180414,1.3921885887180414
3,humidity_seville_lag_168,-1.3811201378682407,1.3811201378682407
3,generation_hydro_run_of_river_and_poundage_lag_168,-1.3093472656691907,1.3093472656691907
3,humidity_madrid_lag_168,-1.2396576909827328,1.2396576909827328
3,forecast_solar_share_of_load,-1.127556900427106,1.127556900427106
3,temp_barcelona_lag_168,-1.061072186180188,1.061072186180188
3,price_std_lag24_lag48_lag168,1.0464633789545654,1.0464633789545654
3,generation_nuclear_lag_168,-1.0354360741320536,1.0354360741320536
3,humidity_valencia_lag_168,-0.9898298355634384,0.9898298355634384
3,forecast_wind_onshore_day_ahead,0.95234836604772,0.95234836604772
3,generation_other_renewable_lag_168,-0.9461019388658883,0.9461019388658883
3,temp_national_mean_lag_24,0.9206447155315819,0.9206447155315819
3,humidity_barcelona_lag_168,-0.9132073469381412,0.9132073469381412
3,renewable_share_lag_168,-0.8876637705906604,0.8876637705906604
3,humidity_bilbao_lag_168,-0.8514641075364506,0.8514641075364506
3,temp_barcelona_lag_24,-0.7060686610472933,0.7060686610472933
3,temp_madrid_lag_168,0.6974447961680946,0.6974447961680946
3,temp_national_mean_lag_168,0.6893025626016913,0.6893025626016913
3,generation_biomass_lag_168,-0.6557202320816399,0.6557202320816399
3,month_cos,0.6500042488980621,0.6500042488980621
3,price_min_lag24_lag48_lag168,-0.625772065919547,0.625772065919547
3,pressure_madrid_lag_24,-0.5747652761399831,0.5747652761399831
3,pressure_bilbao_lag_24,0.5431673989171526,0.5431673989171526
3,quarter,-0.530568405362641,0.530568405362641
3,generation_other_lag_24,-0.5192986345957703,0.5192986345957703
3,pressure_bilbao_lag_168,0.5112321809678608,0.5112321809678608
3,pressure_seville_lag_24,-0.4793112462290773,0.4793112462290773
3,generation_waste_lag_24,-0.470506414062509,0.470506414062509
3,is_month_start,0.4564529789663703,0.4564529789663703
3,generation_other_lag_168,-0.4092383162651792,0.4092383162651792
3,day_of_week,-0.395170183974125,0.395170183974125
3,wind_deg_sin_madrid_lag_24,0.37552284976804173,0.37552284976804173
3,generation_fossil_oil_lag_168,0.36249532388612066,0.36249532388612066
3,rain_1h_national_max_lag_168,-0.33954935848054846,0.33954935848054846
3,generation_fossil_brown_coal_lignite_lag_168,-0.3248612895735209,0.3248612895735209
3,generation_other_renewable_lag_24,0.3232845636568362,0.3232845636568362
3,temp_seville_lag_168,-0.31534792195501354,0.31534792195501354
3,rain_1h_barcelona_lag_168,0.3118748192018787,0.3118748192018787
3,temp_valencia_lag_24,0.28265879688989703,0.28265879688989703
3,load_forecast_error_lag_24,0.26996317084068205,0.26996317084068205
3,wind_deg_cos_madrid_lag_24,0.26891015901388027,0.26891015901388027
3,pressure_valencia_lag_24,-0.25285923747595024,0.25285923747595024
3,total_load_actual_lag_48,0.24659571544430167,0.24659571544430167
3,temp_bilbao_lag_24,0.24337965448272197,0.24337965448272197
3,pressure_barcelona_lag_24,-0.22799671469552452,0.22799671469552452
3,pressure_seville_lag_168,-0.21905416857923432,0.21905416857923432
3,generation_hydro_pumped_storage_consumption_lag_168,-0.2130797964717085,0.2130797964717085
3,rain_1h_bilbao_lag_168,0.20800050297232583,0.20800050297232583
3,hour_sin,-0.18556416165581344,0.18556416165581344
3,generation_fossil_oil_lag_24,-0.1700513884616544,0.1700513884616544
3,rain_1h_barcelona_lag_24,0.15590149677572485,0.15590149677572485
3,wind_deg_cos_valencia_lag_168,0.14797362125499872,0.14797362125499872
3,hour_cos,-0.145278111092154,0.145278111092154
3,pressure_madrid_lag_168,-0.14350170135480267,0.14350170135480267
3,wind_deg_cos_barcelona_lag_24,0.14190271920775874,0.14190271920775874
3,generation_waste_lag_168,-0.13552575420430987,0.13552575420430987
3,rain_1h_seville_lag_168,0.13313302229460808,0.13313302229460808
3,temp_madrid_lag_24,-0.12096881558629813,0.12096881558629813
3,wind_deg_sin_seville_lag_24,-0.11304819219746252,0.11304819219746252
3,rain_1h_national_max_lag_24,-0.11204319436842389,0.11204319436842389
3,wind_deg_cos_seville_lag_168,0.11151711418136703,0.11151711418136703
3,wind_deg_sin_madrid_lag_168,0.10554565551316661,0.10554565551316661
3,wind_deg_cos_bilbao_lag_24,0.10345973297242127,0.10345973297242127
3,wind_deg_sin_valencia_lag_168,-0.10242131403441271,0.10242131403441271
3,generation_hydro_pumped_storage_consumption_lag_24,0.10183433813147466,0.10183433813147466
3,pressure_valencia_lag_168,-0.10101723519467057,0.10101723519467057
3,rain_3h_bilbao_lag_24,0.0975163847691499,0.0975163847691499
3,dow_sin,-0.09166332220569312,0.09166332220569312
3,snow_3h_bilbao_lag_24,0.08132841953767182,0.08132841953767182
3,rain_3h_bilbao_lag_168,0.08023659971610277,0.08023659971610277
3,wind_deg_sin_barcelona_lag_24,-0.08017843450182237,0.08017843450182237
3,generation_fossil_brown_coal_lignite_lag_24,-0.08015755007629284,0.08015755007629284
3,hour,-0.08000376686280959,0.08000376686280959
3,rain_3h_valencia_lag_168,0.07987068367531269,0.07987068367531269
3,snow_3h_madrid_lag_24,-0.07622081535302629,0.07622081535302629
3,snow_3h_bilbao_lag_168,0.07301854480649701,0.07301854480649701
3,snow_3h_madrid_lag_168,-0.061894932166402704,0.061894932166402704
3,wind_deg_cos_madrid_lag_168,0.058110297975041546,0.058110297975041546
3,rain_1h_madrid_lag_168,0.056237855035463316,0.056237855035463316
3,snow_3h_valencia_lag_24,0.054492379774973496,0.054492379774973496
3,wind_deg_cos_seville_lag_24,-0.05438662020961329,0.05438662020961329
3,temp_bilbao_lag_168,-0.05408568129454535,0.05408568129454535
3,pressure_barcelona_lag_168,0.0539432771555201,0.0539432771555201
3,rain_3h_seville_lag_168,-0.04913801647711305,0.04913801647711305
3,rain_3h_valencia_lag_24,0.047626000658742014,0.047626000658742014
3,is_year_end,0.04684355247211309,0.04684355247211309
3,wind_deg_cos_bilbao_lag_168,0.04670226494611653,0.04670226494611653
3,wind_deg_sin_seville_lag_168,0.04657458552953791,0.04657458552953791
3,price_day_ahead_lag_168,-0.04435700576187765,0.04435700576187765
3,renewable_forecast_total,0.03775865495454387,0.03775865495454387
3,rain_1h_madrid_lag_24,0.03720657607501059,0.03720657607501059
3,wind_deg_cos_valencia_lag_24,0.03694275604159662,0.03694275604159662
3,dow_cos,0.03530314728149154,0.03530314728149154
3,wind_deg_sin_bilbao_lag_24,0.03233861677931281,0.03233861677931281
3,wind_deg_sin_barcelona_lag_168,0.029005137441729095,0.029005137441729095
3,rain_3h_barcelona_lag_24,-0.021177286078497837,0.021177286078497837
3,is_year_start,0.020783467303853057,0.020783467303853057
3,rain_1h_valencia_lag_24,-0.020609358134290164,0.020609358134290164
3,rain_3h_madrid_lag_24,0.018003673245295008,0.018003673245295008
3,wind_deg_sin_valencia_lag_24,-0.017967264627188895,0.017967264627188895
3,snow_3h_valencia_lag_168,-0.017700073719317727,0.017700073719317727
3,is_month_end,0.013901999344786621,0.013901999344786621
3,temp_valencia_lag_168,-0.013099405912356544,0.013099405912356544
3,rain_3h_barcelona_lag_168,-0.012195374901949869,0.012195374901949869
3,rain_3h_seville_lag_24,-0.012044113492325337,0.012044113492325337
3,rain_1h_bilbao_lag_24,0.007257943318635461,0.007257943318635461
3,rain_1h_valencia_lag_168,0.006447095986858112,0.006447095986858112
3,is_weekend,0.006236560504670079,0.006236560504670079
3,rain_3h_madrid_lag_168,0.006079737440249906,0.006079737440249906
3,wind_deg_sin_bilbao_lag_168,0.004277861485144833,0.004277861485144833
3,rain_1h_seville_lag_24,0.0036376858440769462,0.0036376858440769462
3,wind_deg_cos_barcelona_lag_168,0.0025502878121959668,0.0025502878121959668
3,snow_3h_barcelona_lag_24,0.0,0.0
3,snow_3h_barcelona_lag_168,0.0,0.0
3,snow_3h_seville_lag_24,0.0,0.0
3,snow_3h_seville_lag_168,0.0,0.0
4,month,194.85198365690823,194.85198365690823
4,day_of_year,-194.35066742021948,194.35066742021948
4,clouds_all_national_mean_lag_24,-33.41442528563995,33.41442528563995
4,generation_wind_onshore_lag_24,-32.60673448832961,32.60673448832961
4,price_mean_lag24_lag48,-28.64720195499139,28.64720195499139
4,renewable_generation_lag_24,26.509491282238212,26.509491282238212
4,clouds_all_national_mean_lag_168,-22.659314587185744,22.659314587185744
4,generation_hydro_water_reservoir_lag_24,-21.09417710085422,21.09417710085422
4,price_day_ahead_lag_24,19.656945793515824,19.656945793515824
4,day_of_month,17.177263120191395,17.177263120191395
4,total_generation_lag_24,17.036791673889734,17.036791673889734
4,generation_solar_lag_24,-16.629840675249742,16.629840675249742
4,generation_wind_onshore_lag_168,-14.641050150647935,14.641050150647935
4,wind_speed_national_mean_lag_24,-14.227562732707943,14.227562732707943
4,price_day_ahead_lag_48,14.155797825760377,14.155797825760377
4,clouds_all_bilbao_lag_24,13.262020726367355,13.262020726367355
4,renewable_generation_lag_168,13.16753527271044,13.16753527271044
4,clouds_all_madrid_lag_24,11.397228912387613,11.397228912387613
4,clouds_all_barcelona_lag_24,10.5083711572578,10.5083711572578
4,clouds_all_valencia_lag_24,10.41414115384293,10.41414115384293
4,clouds_all_seville_lag_24,10.106006956567775,10.106006956567775
4,wind_speed_national_mean_lag_168,-9.672559999688795,9.672559999688795
4,price_mean_lag24_lag48_lag168,9.238799075310569,9.238799075310569
4,generation_hydro_water_reservoir_lag_168,-8.900690499864393,8.900690499864393
4,clouds_all_bilbao_lag_168,8.778182318371345,8.778182318371345
4,total_generation_lag_168,8.51515642544741,8.51515642544741
4,forecast_wind_share_of_load,-8.346469524149056,8.346469524149056
4,generation_solar_lag_168,-7.94396878340905,7.94396878340905
4,clouds_all_madrid_lag_168,7.619407314719966,7.619407314719966
4,clouds_all_valencia_lag_168,7.034631946983342,7.034631946983342
4,humidity_national_mean_lag_24,6.809951619577069,6.809951619577069
4,clouds_all_barcelona_lag_168,6.712098912965383,6.712098912965383
4,clouds_all_seville_lag_168,6.683828763226275,6.683828763226275
4,generation_fossil_gas_lag_24,-6.623617792040728,6.623617792040728
4,generation_fossil_hard_coal_lag_24,-6.002354603471337,6.002354603471337
4,generation_hydro_run_of_river_and_poundage_lag_24,-5.655360216678763,5.655360216678763
4,wind_speed_valencia_lag_24,5.604055284651872,5.604055284651872
4,total_load_forecast,4.935563167311882,4.935563167311882
4,humidity_national_mean_lag_168,4.807712321249567,4.807712321249567
4,month_sin,-4.621968128565409,4.621968128565409
4,wind_speed_madrid_lag_24,4.59820646386381,4.59820646386381
4,wind_speed_barcelona_lag_24,4.052251683051779,4.052251683051779
4,renewable_share_lag_24,4.041918002024573,4.041918002024573
4,wind_speed_bilbao_lag_24,3.994878204210873,3.994878204210873
4,total_load_actual_lag_24,-3.909084205411916,3.909084205411916
4,wind_speed_seville_lag_24,3.839440936900074,3.839440936900074
4,wind_speed_valencia_lag_168,3.7973898119592118,3.7973898119592118
4,generation_fossil_gas_lag_168,-3.6946595397235003,3.6946595397235003
4,generation_nuclear_lag_24,-3.1642080020374714,3.1642080020374714
4,day_of_year_sin,3.0741424597607456,3.0741424597607456
4,generation_fossil_hard_coal_lag_168,-3.066774724283028,3.066774724283028
4,price_max_lag24_lag48_lag168,-2.849665335952105,2.849665335952105
4,humidity_seville_lag_24,-2.796362548738119,2.796362548738119
4,wind_speed_seville_lag_168,2.7593591617468096,2.7593591617468096
4,wind_speed_barcelona_lag_168,2.724754828849843,2.724754828849843
4,wind_speed_madrid_lag_168,2.6946852866673012,2.6946852866673012
4,forecast_solar_day_ahead,-2.675971714907983,2.675971714907983
4,humidity_madrid_lag_24,-2.5443417166173825,2.5443417166173825
4,wind_speed_bilbao_lag_168,2.4917243821267,2.4917243821267
4,humidity_valencia_lag_24,-2.155890879400677,2.155890879400677
4,generation_biomass_lag_24,-2.027593810704232,2.027593810704232
4,total_load_actual_lag_168,-1.8184139790811835,1.8184139790811835
4,generation_hydro_run_of_river_and_poundage_lag_168,-1.6789887150308107,1.6789887150308107
4,humidity_madrid_lag_168,-1.5942922662491958,1.5942922662491958
4,month_cos,1.59217106096663,1.59217106096663
4,forecast_wind_onshore_day_ahead,1.5095427684272917,1.5095427684272917
4,humidity_seville_lag_168,-1.4743813102813323,1.4743813102813323
4,week_of_year,-1.4727092564913042,1.4727092564913042
4,humidity_barcelona_lag_24,-1.438120308706845,1.438120308706845
4,humidity_bilbao_lag_24,-1.4287271560723176,1.4287271560723176
4,generation_nuclear_lag_168,-1.2899427307996187,1.2899427307996187
4,temp_national_mean_lag_24,-1.2378513738964805,1.2378513738964805
4,temp_seville_lag_24,-1.2185835557770577,1.2185835557770577
4,humidity_valencia_lag_168,-1.1903119194541478,1.1903119194541478
4,humidity_barcelona_lag_168,-1.1859648516810017,1.1859648516810017
4,fossil_generation_lag_24,-1.0559293231473421,1.0559293231473421
4,price_std_lag24_lag48_lag168,1.027168442745787,1.027168442745787
4,price_min_lag24_lag48_lag168,-0.9752078815787699,0.9752078815787699
4,generation_biomass_lag_168,-0.9347885085788636,0.9347885085788636
4,temp_barcelona_lag_168,-0.8517595522276635,0.8517595522276635
4,temp_madrid_lag_168,0.835602590325609,0.835602590325609
4,humidity_bilbao_lag_168,-0.7832449772709028,0.7832449772709028
4,fossil_generation_lag_168,-0.7514686998560893,0.7514686998560893
4,generation_fossil_brown_coal_lignite_lag_168,-0.7367586461398012,0.7367586461398012
4,forecast_solar_share_of_load,-0.7187429959867478,0.7187429959867478
4,generation_fossil_brown_coal_lignite_lag_24,-0.7158388089737779,0.7158388089737779
4,generation_other_renewable_lag_168,-0.7043191714828173,0.7043191714828173
4,day_of_year_cos,0.7010396372932312,0.7010396372932312
4,is_month_start,0.6809784435389423,0.6809784435389423
4,quarter,-0.649742757210632,0.649742757210632
4,day_of_week,-0.6350654130460858,0.6350654130460858
4,temp_bilbao_lag_24,0.6297879725610536,0.6297879725610536
4,generation_waste_lag_24,-0.603332127755112,0.603332127755112
4,pressure_madrid_lag_24,-0.5952039073417256,0.5952039073417256
4,temp_bilbao_lag_168,0.5485219140710443,0.5485219140710443
4,temp_valencia_lag_24,0.5081041156153524,0.5081041156153524
4,temp_madrid_lag_24,0.46735395847150735,0.46735395847150735
4,pressure_seville_lag_24,-0.4531322652339264,0.4531322652339264
4,temp_barcelona_lag_24,-0.38268056018124086,0.38268056018124086
4,temp_national_mean_lag_168,-0.380874039483115,0.380874039483115
4,pressure_bilbao_lag_24,0.37837801194788345,0.37837801194788345
4,pressure_bilbao_lag_168,0.3495799939204183,0.3495799939204183
4,rain_1h_national_max_lag_168,-0.3275375966506358,0.3275375966506358
4,rain_1h_barcelona_lag_168,0.2936083022919845,0.2936083022919845
4,wind_deg_sin_madrid_lag_24,0.2792178204307975,0.2792178204307975
4,generation_fossil_oil_lag_168,0.2736672328275223,0.2736672328275223
4,generation_fossil_oil_lag_24,-0.2734396944697487,0.2734396944697487
4,generation_waste_lag_168,-0.27324089973826265,0.27324089973826265
4,hour_sin,-0.2702606082116128,0.2702606082116128
4,temp_seville_lag_168,0.268719934698026,0.268719934698026
4,dow_sin,-0.2610867896294675,0.2610867896294675
4,generation_other_lag_24,-0.25531773634539734,0.25531773634539734
4,load_forecast_error_lag_24,0.24894875136574793,0.24894875136574793
4,wind_deg_cos_madrid_lag_24,0.23816246640877206,0.23816246640877206
4,pressure_barcelona_lag_24,-0.2224441585196136,0.2224441585196136
4,generation_hydro_pumped_storage_consumption_lag_168,-0.2165302836559969,0.2165302836559969
4,wind_deg_cos_barcelona_lag_24,0.1984412432106819,0.1984412432106819
4,generation_other_lag_168,-0.196513319573379,0.196513319573379
4,total_load_actual_lag_48,0.19552156519782682,0.19552156519782682
4,hour_cos,-0.18787492650381674,0.18787492650381674
4,pressure_valencia_lag_24,-0.18525576059450619,0.18525576059450619
4,generation_other_renewable_lag_24,0.17917409019422775,0.17917409019422775
4,rain_1h_barcelona_lag_24,0.17577141419883155,0.17577141419883155
4,rain_1h_bilbao_lag_168,0.17215135438191453,0.17215135438191453
4,rain_1h_national_max_lag_24,-0.16884957921199611,0.16884957921199611
4,temp_valencia_lag_168,-0.15315584222320897,0.15315584222320897
4,wind_deg_cos_valencia_lag_168,0.148843819736154,0.148843819736154
4,wind_deg_cos_bilbao_lag_24,0.14496948549152688,0.14496948549152688
4,pressure_madrid_lag_168,-0.13028553217149003,0.13028553217149003
4,rain_1h_seville_lag_168,0.11485250041411187,0.11485250041411187
4,pressure_seville_lag_168,-0.10536014754864792,0.10536014754864792
4,is_year_start,-0.10470953388654045,0.10470953388654045
4,wind_deg_cos_seville_lag_168,0.09526583314533749,0.09526583314533749
4,wind_deg_sin_madrid_lag_168,0.09264119652637567,0.09264119652637567
4,wind_deg_sin_valencia_lag_168,-0.0896210051118263,0.0896210051118263
4,is_weekend,0.08749010329169428,0.08749010329169428
4,wind_deg_sin_barcelona_lag_24,-0.08629625757960137,0.08629625757960137
4,hour,-0.0853471978449484,0.0853471978449484
4,rain_3h_bilbao_lag_24,0.08068218895956182,0.08068218895956182
4,snow_3h_bilbao_lag_24,0.07200245598648099,0.07200245598648099
4,renewable_forecast_total,0.07172121854912425,0.07172121854912425
4,rain_1h_madrid_lag_168,0.06978494232103424,0.06978494232103424
4,rain_3h_valencia_lag_168,0.06864711204922612,0.06864711204922612
4,rain_3h_bilbao_lag_168,0.06597782028519171,0.06597782028519171
4,pressure_valencia_lag_168,-0.06461096096990758,0.06461096096990758
4,snow_3h_madrid_lag_24,-0.06187244880408808,0.06187244880408808
4,wind_deg_cos_madrid_lag_168,0.060077867608556774,0.060077867608556774
4,wind_deg_cos_bilbao_lag_168,0.05844451584826438,0.05844451584826438
4,snow_3h_madrid_lag_168,-0.05517994705208413,0.05517994705208413
4,snow_3h_bilbao_lag_168,0.05363348309383295,0.05363348309383295
4,rain_3h_valencia_lag_24,0.049664347653676444,0.049664347653676444
4,wind_deg_cos_valencia_lag_24,0.04444713974449107,0.04444713974449107
4,pressure_barcelona_lag_168,0.042386140504926645,0.042386140504926645
4,snow_3h_valencia_lag_24,0.04195924300379477,0.04195924300379477
4,is_month_end,0.03898828854040077,0.03898828854040077
4,wind_deg_sin_bilbao_lag_168,0.036839526327463575,0.036839526327463575
4,wind_deg_sin_seville_lag_24,-0.03535175320539774,0.03535175320539774
4,rain_3h_seville_lag_168,-0.03213881502152843,0.03213881502152843
4,generation_hydro_pumped_storage_consumption_lag_24,-0.031575277269172954,0.031575277269172954
4,dow_cos,-0.027874039974966056,0.027874039974966056
4,snow_3h_valencia_lag_168,-0.026318423891016338,0.026318423891016338
4,rain_1h_bilbao_lag_24,0.025445169601501734,0.025445169601501734
4,wind_deg_cos_seville_lag_24,0.024681408860941827,0.024681408860941827
4,renewable_share_lag_168,-0.024311496305271508,0.024311496305271508
4,rain_1h_madrid_lag_24,0.024145176021879877,0.024145176021879877
4,rain_3h_barcelona_lag_24,-0.023144257568240716,0.023144257568240716
4,rain_1h_valencia_lag_168,0.01932155019490632,0.01932155019490632
4,is_year_end,-0.01672185537765519,0.01672185537765519
4,rain_3h_madrid_lag_168,0.016541543777408917,0.016541543777408917
4,rain_3h_madrid_lag_24,0.01564202668139477,0.01564202668139477
4,wind_deg_sin_bilbao_lag_24,0.015221868001129414,0.015221868001129414
4,wind_deg_sin_valencia_lag_24,0.013314687349930819,0.013314687349930819
4,rain_3h_barcelona_lag_168,-0.011590505209423632,0.011590505209423632
4,price_day_ahead_lag_168,0.004836159061002442,0.004836159061002442
4,wind_deg_sin_barcelona_lag_168,-0.004604289037205343,0.004604289037205343
4,rain_1h_seville_lag_24,-0.00453907236659941,0.00453907236659941
4,wind_deg_cos_barcelona_lag_168,0.0043788417886116435,0.0043788417886116435
4,wind_deg_sin_seville_lag_168,0.0036621327861242644,0.0036621327861242644
4,rain_3h_seville_lag_24,-0.0032444685505105186,0.0032444685505105186
4,rain_1h_valencia_lag_24,0.0031786404824042267,0.0031786404824042267
4,snow_3h_barcelona_lag_24,0.0,0.0
4,snow_3h_barcelona_lag_168,0.0,0.0
4,snow_3h_seville_lag_24,0.0,0.0
4,snow_3h_seville_lag_168,0.0,0.0
