model,family,fold,n_trees,max_depth,learning_rate,subsample,colsample_bytree,min_child_weight,MAE,RMSE,R2,sMAPE,bias,residual_mean,residual_std,num_leaves,min_child_samples
XGB_d4_lr0.05_ss0.8,XGBoost,1,186,4.0,0.05,0.8,0.8,1.0,7.013805709064407,8.94952220422951,0.6283755354280298,16.628444206379747,-4.051563670926447,-4.051563670926447,7.979898464543646,,
XGB_d4_lr0.05_ss1.0,XGBoost,1,237,4.0,0.05,1.0,0.8,1.0,6.983145676836871,8.974743475666113,0.6262779824173201,16.526444239362377,-3.9975589574135393,-3.9975589574135393,8.035268684743171,,
XGB_d4_lr0.1_ss0.8,XGBoost,1,153,4.0,0.1,0.8,0.8,1.0,6.881612228924796,8.853164199290461,0.6363348915754795,16.529940357889977,-4.273975863187904,-4.273975863187904,7.753170103930748,,
XGB_d4_lr0.1_ss1.0,XGBoost,1,137,4.0,0.1,1.0,0.8,1.0,6.84561205611133,8.875659901011582,0.6344844129511702,16.39824763114776,-3.828994336499464,-3.828994336499464,8.007255525426922,,
XGB_d6_lr0.05_ss0.8,XGBoost,1,250,6.0,0.05,0.8,0.8,1.0,6.916892145169662,8.925618984288993,0.6303580230531625,16.33293136231261,-4.203543601375299,-4.203543601375299,7.873810732043086,,
XGB_d6_lr0.05_ss1.0,XGBoost,1,442,6.0,0.05,1.0,0.8,1.0,6.833326074933046,8.995597185649716,0.6245392040185977,16.22774576269994,-4.261519823893605,-4.261519823893605,7.922134656582839,,
XGB_d6_lr0.1_ss0.8,XGBoost,1,86,6.0,0.1,0.8,0.8,1.0,6.776735920515637,8.674487557380877,0.6508659120379872,16.242523358088977,-3.864961769232014,-3.864961769232014,7.7658743812613,,
XGB_d6_lr0.1_ss1.0,XGBoost,1,136,6.0,0.1,1.0,0.8,1.0,6.6315852348148425,8.616921476722863,0.6554844194281018,15.926373762617521,-3.6834961341883514,-3.6834961341883514,7.78994171771697,,
XGB_d8_lr0.05_ss0.8,XGBoost,1,250,8.0,0.05,0.8,0.8,1.0,7.083049297780799,9.121409543991486,0.6139633768329145,16.580317336534257,-4.292807374339776,-4.292807374339776,8.048100205392142,,
XGB_d8_lr0.05_ss1.0,XGBoost,1,308,8.0,0.05,1.0,0.8,1.0,6.935273859740904,8.994930876871265,0.6245948231295795,16.194673686977712,-4.217252912572566,-4.217252912572566,7.945033628065414,,
XGB_d8_lr0.1_ss0.8,XGBoost,1,152,8.0,0.1,0.8,0.8,1.0,6.907142978885829,8.803402717883607,0.640411548479817,16.233718799884574,-3.912928128837739,-3.912928128837739,7.885993461307894,,
XGB_d8_lr0.1_ss1.0,XGBoost,1,155,8.0,0.1,1.0,0.8,1.0,6.85891789675719,8.83615218488231,0.6377311679453065,16.15277120684081,-4.043436751064838,-4.043436751064838,7.856729897007956,,
LGBM_nl15_lr0.05_ss0.8,LightGBM,1,145,,0.05,0.8,0.8,,6.999552016082191,9.01486566092571,0.6229290151477833,16.58897055288418,-4.32000766322123,-4.32000766322123,7.912353421975498,15.0,20.0
LGBM_nl15_lr0.05_ss1.0,LightGBM,1,145,,0.05,1.0,0.8,,6.981091832553008,9.06138426862282,0.6190274430029443,16.389133292032575,-4.098316339213537,-4.098316339213537,8.081614198127777,15.0,20.0
LGBM_nl15_lr0.1_ss0.8,LightGBM,1,64,,0.1,0.8,0.8,,6.879345060889096,8.846193580565702,0.6369073361368163,16.27944078620866,-3.961575995650245,-3.961575995650245,7.90955475962646,15.0,20.0
LGBM_nl15_lr0.1_ss1.0,LightGBM,1,84,,0.1,1.0,0.8,,6.7368085486500755,8.675292509075923,0.6508011130251443,16.0179798799359,-3.9491312199931627,-3.9491312199931627,7.724316327371901,15.0,20.0
LGBM_nl31_lr0.05_ss0.8,LightGBM,1,255,,0.05,0.8,0.8,,6.628247016807933,8.68264341883788,0.6502090829503999,15.800066824202233,-3.918285582556421,-3.918285582556421,7.748247210319198,31.0,20.0
LGBM_nl31_lr0.05_ss1.0,LightGBM,1,138,,0.05,1.0,0.8,,6.757061975588082,8.725799531327576,0.6467232478253454,15.969277550329823,-4.126492083363514,-4.126492083363514,7.688409493962636,31.0,20.0
LGBM_nl31_lr0.1_ss0.8,LightGBM,1,83,,0.1,0.8,0.8,,6.582243266992286,8.718142545106685,0.6473429843582774,15.741126103643532,-4.115175373136085,-4.115175373136085,7.685788253987586,31.0,20.0
LGBM_nl31_lr0.1_ss1.0,LightGBM,1,124,,0.1,1.0,0.8,,6.84080488450054,8.826999161003043,0.638481299409519,16.39648528864923,-3.9748936847195733,-3.9748936847195733,7.881378964592736,31.0,20.0
LGBM_nl63_lr0.05_ss0.8,LightGBM,1,161,,0.05,0.8,0.8,,6.579695171740876,8.504005596746909,0.6644543048909437,15.714667900704923,-4.007392681516912,-4.007392681516912,7.500594315494436,63.0,20.0
LGBM_nl63_lr0.05_ss1.0,LightGBM,1,282,,0.05,1.0,0.8,,6.442687605844172,8.460388943923572,0.6678874747845512,15.486784919898664,-3.795896295898913,-3.795896295898913,7.561041753174302,63.0,20.0
LGBM_nl63_lr0.1_ss0.8,LightGBM,1,83,,0.1,0.8,0.8,,6.611943815796448,8.628270683417718,0.6545763100926401,15.707811470840566,-4.086822060751233,-4.086822060751233,7.599009174233355,63.0,20.0
LGBM_nl63_lr0.1_ss1.0,LightGBM,1,113,,0.1,1.0,0.8,,6.463338975103071,8.327173599851355,0.6782638696766268,15.456655447545224,-3.5045525717276385,-3.5045525717276385,7.553802448704795,63.0,20.0
XGB_d4_lr0.05_ss0.8,XGBoost,2,82,4.0,0.05,0.8,0.8,1.0,6.800747128275417,9.911861257995776,0.556726488828859,13.288261375671617,-4.730468719943258,-4.730468719943258,8.710204319497679,,
XGB_d4_lr0.05_ss1.0,XGBoost,2,97,4.0,0.05,1.0,0.8,1.0,6.762207482728383,9.790765005553242,0.5674915418634998,13.23824342315384,-4.563162235631238,-4.563162235631238,8.662368602482516,,
XGB_d4_lr0.1_ss0.8,XGBoost,2,84,4.0,0.1,0.8,0.8,1.0,6.460843062970462,8.896802788527392,0.6428675781916513,12.977093744129146,-4.257990712313044,-4.257990712313044,7.811697315680161,,
XGB_d4_lr0.1_ss1.0,XGBoost,2,63,4.0,0.1,1.0,0.8,1.0,6.777141060374728,9.66656127476217,0.578395373926075,13.390135588516202,-4.32091577039629,-4.32091577039629,8.647085855007585,,
XGB_d6_lr0.05_ss0.8,XGBoost,2,152,6.0,0.05,0.8,0.8,1.0,6.519807651660585,9.164494791525101,0.6210530564203414,13.060746877119502,-4.52350236300014,-4.52350236300014,7.970313115293706,,
XGB_d6_lr0.05_ss1.0,XGBoost,2,105,6.0,0.05,1.0,0.8,1.0,6.648783597152505,9.49763455763068,0.5930020128433465,13.112400639218402,-4.612642639941017,-4.612642639941017,8.302324377335452,,
XGB_d6_lr0.1_ss0.8,XGBoost,2,40,6.0,0.1,0.8,0.8,1.0,6.440777956149723,9.192306431159025,0.6187495737477501,12.636332031685724,-3.98827663398589,-3.98827663398589,8.282037612516001,,
XGB_d6_lr0.1_ss1.0,XGBoost,2,64,6.0,0.1,1.0,0.8,1.0,6.485613958473974,9.079309003865225,0.6280650883897068,12.955673478980739,-4.3665993293915815,-4.3665993293915815,7.960317976326395,,
XGB_d8_lr0.05_ss0.8,XGBoost,2,207,8.0,0.05,0.8,0.8,1.0,6.6713058564358905,9.480353642451233,0.594481728475799,13.110937690817833,-4.856545719069922,-4.856545719069922,8.141932747482135,,
XGB_d8_lr0.05_ss1.0,XGBoost,2,120,8.0,0.05,1.0,0.8,1.0,6.733332398766639,9.596976279011685,0.5844433908822186,13.333203330728816,-4.923602530485832,-4.923602530485832,8.237723703894572,,
XGB_d8_lr0.1_ss0.8,XGBoost,2,72,8.0,0.1,0.8,0.8,1.0,6.801752196241544,9.683940361781756,0.5768780422059065,13.448386611856947,-4.8076364395858455,-4.8076364395858455,8.406267471078475,,
XGB_d8_lr0.1_ss1.0,XGBoost,2,93,8.0,0.1,1.0,0.8,1.0,6.6059386215594,9.475208856057248,0.594921741341955,13.091109911195936,-4.619553568884831,-4.619553568884831,8.272805309573597,,
LGBM_nl15_lr0.05_ss0.8,LightGBM,2,125,,0.05,0.8,0.8,,6.544956034277764,9.282784476417428,0.6112074935792309,13.051672005476409,-4.459388250466087,-4.459388250466087,8.141495198501403,15.0,20.0
LGBM_nl15_lr0.05_ss1.0,LightGBM,2,220,,0.05,1.0,0.8,,6.33281408712995,8.566086854044105,0.668925068271232,12.953417324503535,-4.519030925535363,-4.519030925535363,7.277101310623774,15.0,20.0
LGBM_nl15_lr0.1_ss0.8,LightGBM,2,77,,0.1,0.8,0.8,,6.6140928648823305,9.013496291690512,0.6334375961239473,13.416663625465342,-4.630878738203349,-4.630878738203349,7.732921667285577,15.0,20.0
LGBM_nl15_lr0.1_ss1.0,LightGBM,2,87,,0.1,1.0,0.8,,6.40152927596389,8.846288215460039,0.6469115425381662,12.859851400251202,-4.426757006256758,-4.426757006256758,7.659023279671102,15.0,20.0
LGBM_nl31_lr0.05_ss0.8,LightGBM,2,235,,0.05,0.8,0.8,,6.35510024556278,8.798484642344993,0.6507172708637525,12.842101120933421,-4.7518017011258875,-4.7518017011258875,7.4049789057604904,31.0,20.0
LGBM_nl31_lr0.05_ss1.0,LightGBM,2,183,,0.05,1.0,0.8,,6.403776741718672,8.797142928881822,0.6508237895717035,12.960172159533714,-4.630067794168846,-4.630067794168846,7.480120048005641,31.0,20.0
LGBM_nl31_lr0.1_ss0.8,LightGBM,2,127,,0.1,0.8,0.8,,6.418353273635099,8.889072246671251,0.643487942100387,12.88013611206198,-4.31178017937782,-4.31178017937782,7.77329769732677,31.0,20.0
LGBM_nl31_lr0.1_ss1.0,LightGBM,2,66,,0.1,1.0,0.8,,6.4560763727286385,9.033660142566852,0.6317957078134662,12.837387668841366,-4.542586524308875,-4.542586524308875,7.808452038692968,31.0,20.0
LGBM_nl63_lr0.05_ss0.8,LightGBM,2,149,,0.05,0.8,0.8,,6.430492142063873,9.00204005829419,0.6343688120615862,12.792675641283843,-4.580428879160126,-4.580428879160126,7.74960621542083,63.0,20.0
LGBM_nl63_lr0.05_ss1.0,LightGBM,2,173,,0.05,1.0,0.8,,6.575248329921864,9.070741957120145,0.6287666573020276,13.186177507317426,-4.726596443687914,-4.726596443687914,7.741940694113883,63.0,20.0
LGBM_nl63_lr0.1_ss0.8,LightGBM,2,102,,0.1,0.8,0.8,,6.385760272449195,8.977926917426393,0.6363249704851729,12.744060290188106,-4.731970041152118,-4.731970041152118,7.629654727724459,63.0,20.0
LGBM_nl63_lr0.1_ss1.0,LightGBM,2,58,,0.1,1.0,0.8,,6.649774670043782,9.349767441040115,0.6055763311273905,13.136467825566495,-4.822274325523979,-4.822274325523979,8.010232301932703,63.0,20.0
XGB_d4_lr0.05_ss0.8,XGBoost,3,67,4.0,0.05,0.8,0.8,1.0,4.584975131603344,5.969074329062093,0.44000653649131527,8.848482329614646,0.7777184044071112,0.7777184044071112,5.918192496811382,,
XGB_d4_lr0.05_ss1.0,XGBoost,3,77,4.0,0.05,1.0,0.8,1.0,4.458138359604726,5.832995450953359,0.4652481947211733,8.625337511520955,0.6394946942718107,0.6394946942718107,5.797834291081523,,
XGB_d4_lr0.1_ss0.8,XGBoost,3,35,4.0,0.1,0.8,0.8,1.0,4.533968065217692,5.9453486633978265,0.44444937374351356,8.751309023323643,0.7492407826727889,0.7492407826727889,5.897949557172067,,
XGB_d4_lr0.1_ss1.0,XGBoost,3,45,4.0,0.1,1.0,0.8,1.0,4.498916396582859,5.836754759463991,0.4645586879873006,8.732121186710758,0.7194180130726618,0.7194180130726618,5.79224860003368,,
XGB_d6_lr0.05_ss0.8,XGBoost,3,60,6.0,0.05,0.8,0.8,1.0,4.125777639230999,5.578773468024445,0.5108450671557795,7.995565365940534,0.01738915244751602,0.01738915244751602,5.578746366784445,,
XGB_d6_lr0.05_ss1.0,XGBoost,3,55,6.0,0.05,1.0,0.8,1.0,4.2243521518956815,5.687873977899176,0.4915258079772674,8.172303504298092,0.14282963801054144,0.14282963801054144,5.686080379573294,,
XGB_d6_lr0.1_ss0.8,XGBoost,3,29,6.0,0.1,0.8,0.8,1.0,4.292578155072253,5.762645476502677,0.4780693655405083,8.347243512089456,0.09462985865744285,0.09462985865744285,5.761868453696877,,
XGB_d6_lr0.1_ss1.0,XGBoost,3,20,6.0,0.1,1.0,0.8,1.0,4.305550361154705,5.972672635122226,0.4393311770916324,8.298657471147918,-0.03132280471939955,-0.03132280471939955,5.972590500632232,,
XGB_d8_lr0.05_ss0.8,XGBoost,3,68,8.0,0.05,0.8,0.8,1.0,4.247287209557832,5.726659504564374,0.48456760900574125,8.243115357744266,-0.1377341016624165,-0.1377341016624165,5.7250029168950425,,
XGB_d8_lr0.05_ss1.0,XGBoost,3,65,8.0,0.05,1.0,0.8,1.0,4.119484404698589,5.63388333924819,0.5011331066027798,7.990063417427892,-0.21633557027556344,-0.21633557027556344,5.6297282706443195,,
XGB_d8_lr0.1_ss0.8,XGBoost,3,36,8.0,0.1,0.8,0.8,1.0,4.292826035329057,5.733280720792641,0.4833750246524193,8.345259391899548,-0.19769523827912047,-0.19769523827912047,5.729871239057153,,
XGB_d8_lr0.1_ss1.0,XGBoost,3,57,8.0,0.1,1.0,0.8,1.0,4.119557521721534,5.471940377678955,0.5294002444523163,8.08028484010583,-0.24292511681189105,-0.24292511681189105,5.466545425082941,,
LGBM_nl15_lr0.05_ss0.8,LightGBM,3,75,,0.05,0.8,0.8,,4.286906008366861,5.71825367653851,0.4860796445031853,8.298115321790336,0.25512495090282833,0.25512495090282833,5.71255952867653,15.0,20.0
LGBM_nl15_lr0.05_ss1.0,LightGBM,3,95,,0.05,1.0,0.8,,4.295137311284816,5.683857892717161,0.4922435998070972,8.356328576414095,0.2073972472499996,0.2073972472499996,5.680072792353659,15.0,20.0
LGBM_nl15_lr0.1_ss0.8,LightGBM,3,42,,0.1,0.8,0.8,,4.293361633379071,5.663876929532539,0.4958072460188615,8.363820267438118,0.10040828401266115,0.10040828401266115,5.662986848774468,15.0,20.0
LGBM_nl15_lr0.1_ss1.0,LightGBM,3,36,,0.1,1.0,0.8,,4.243592047922424,5.708195556215629,0.4878859745454407,8.248150290831969,-0.07985440988810615,-0.07985440988810615,5.7076369699921585,15.0,20.0
LGBM_nl31_lr0.05_ss0.8,LightGBM,3,75,,0.05,0.8,0.8,,4.181763730092273,5.5824700786232295,0.5101966040482578,8.13738492879852,0.04394811432925761,0.04394811432925761,5.5822970847107865,31.0,20.0
LGBM_nl31_lr0.05_ss1.0,LightGBM,3,79,,0.05,1.0,0.8,,4.180143612074475,5.579912495434108,0.5106453036208362,8.150212948944466,0.10328315018065697,0.10328315018065697,5.578956537524778,31.0,20.0
LGBM_nl31_lr0.1_ss0.8,LightGBM,3,34,,0.1,0.8,0.8,,4.2358439407608595,5.679015726852538,0.49310836225473353,8.176628663805662,0.189670286813144,0.189670286813144,5.675847496906402,31.0,20.0
LGBM_nl31_lr0.1_ss1.0,LightGBM,3,25,,0.1,1.0,0.8,,4.212588509020704,5.7230633600146525,0.48521475325915564,8.128178581974481,0.045755633605513754,0.045755633605513754,5.722880449977578,31.0,20.0
LGBM_nl63_lr0.05_ss0.8,LightGBM,3,64,,0.05,0.8,0.8,,4.170230732517279,5.634278210462322,0.5010631743491848,8.093024281226736,-0.19071418290409853,-0.19071418290409853,5.631049551667054,63.0,20.0
LGBM_nl63_lr0.05_ss1.0,LightGBM,3,92,,0.05,1.0,0.8,,4.211456105890278,5.678690347547894,0.49316644532111664,8.20795181673514,-0.14608450028260933,-0.14608450028260933,5.676811022229893,63.0,20.0
LGBM_nl63_lr0.1_ss0.8,LightGBM,3,56,,0.1,0.8,0.8,,4.221421763287495,5.5758486511223735,0.5113578370632432,8.273822365904271,-0.19435740113456915,-0.19435740113456915,5.572460262832514,63.0,20.0
LGBM_nl63_lr0.1_ss1.0,LightGBM,3,20,,0.1,1.0,0.8,,4.15897710292993,5.7721303599048746,0.476349834027323,7.992395394551269,-0.16482810058013153,-0.16482810058013153,5.769776476519235,63.0,20.0
XGB_d4_lr0.05_ss0.8,XGBoost,4,24,4.0,0.05,0.8,0.8,1.0,7.8425634913195745,9.935672236552907,0.4631075533948248,17.205827678755185,-4.556399390545892,-4.556399390545892,8.829315227470433,,
XGB_d4_lr0.05_ss1.0,XGBoost,4,23,4.0,0.05,1.0,0.8,1.0,7.887725445050318,9.978364385572725,0.4584837421209964,17.265831486334843,-4.534630712129349,-4.534630712129349,8.888468941042627,,
XGB_d4_lr0.1_ss0.8,XGBoost,4,20,4.0,0.1,0.8,0.8,1.0,7.11798232804407,9.070227391600906,0.5525658466502981,16.195116005641637,-4.232082913326269,-4.232082913326269,8.022374907100716,,
XGB_d4_lr0.1_ss1.0,XGBoost,4,20,4.0,0.1,1.0,0.8,1.0,7.154911556759051,9.10453002365388,0.5491751506875038,16.2339777693501,-4.314701578069545,-4.314701578069545,8.017220044617652,,
XGB_d6_lr0.05_ss0.8,XGBoost,4,24,6.0,0.05,0.8,0.8,1.0,7.662698072469629,9.695716448205136,0.4887273120275264,16.838060547291494,-4.589286082856028,-4.589286082856028,8.540806208649133,,
XGB_d6_lr0.05_ss1.0,XGBoost,4,26,6.0,0.05,1.0,0.8,1.0,7.573679401619764,9.587795262340698,0.5000457270910349,16.76110896569497,-4.6259950880675555,-4.6259950880675555,8.397975198685549,,
XGB_d6_lr0.1_ss0.8,XGBoost,4,20,6.0,0.1,0.8,0.8,1.0,7.006736419234894,8.908951563786296,0.5683358547480662,15.893423226603831,-4.3309495867348575,-4.3309495867348575,7.78538975537201,,
XGB_d6_lr0.1_ss1.0,XGBoost,4,20,6.0,0.1,1.0,0.8,1.0,7.119343161017398,9.037567459741508,0.5557822730740105,16.1565842610786,-4.47872948661744,-4.47872948661744,7.849752083670035,,
XGB_d8_lr0.05_ss0.8,XGBoost,4,25,8.0,0.05,0.8,0.8,1.0,7.502750900580847,9.525566281889821,0.5065145094842527,16.55689701443352,-4.533226901615771,-4.533226901615771,8.377724443376218,,
XGB_d8_lr0.05_ss1.0,XGBoost,4,28,8.0,0.05,1.0,0.8,1.0,7.4542519862202665,9.440717405567536,0.5152667877873125,16.557649903530407,-4.664303055219133,-4.664303055219133,8.208009633331292,,
XGB_d8_lr0.1_ss0.8,XGBoost,4,20,8.0,0.1,0.8,0.8,1.0,6.938637695165313,8.886242936655641,0.5705336457952994,15.774474859324247,-4.188349309005186,-4.188349309005186,7.837285473620189,,
XGB_d8_lr0.1_ss1.0,XGBoost,4,20,8.0,0.1,1.0,0.8,1.0,6.993971104749076,8.995289377111012,0.5599286864749684,15.943983216403593,-4.318317178183205,-4.318317178183205,7.890967477221919,,
LGBM_nl15_lr0.05_ss0.8,LightGBM,4,22,,0.05,0.8,0.8,,7.8967522536443315,10.011646238905387,0.45486536933214683,17.297213386968508,-4.551550307069497,-4.551550307069497,8.917199684609734,15.0,20.0
LGBM_nl15_lr0.05_ss1.0,LightGBM,4,32,,0.05,1.0,0.8,,7.449996502665094,9.44355476344921,0.5149753759761273,16.66229204811059,-4.457528892755942,-4.457528892755942,8.325332590384017,15.0,20.0
LGBM_nl15_lr0.1_ss0.8,LightGBM,4,20,,0.1,0.8,0.8,,7.166327950452732,9.110594490762288,0.5485743677767996,16.287953246425275,-4.354719934250143,-4.354719934250143,8.002458763989514,15.0,20.0
LGBM_nl15_lr0.1_ss1.0,LightGBM,4,20,,0.1,1.0,0.8,,7.230231355196725,9.196216913861752,0.5400493949568458,16.414560693884216,-4.407193613592239,-4.407193613592239,8.071372248825398,15.0,20.0
LGBM_nl31_lr0.05_ss0.8,LightGBM,4,23,,0.05,0.8,0.8,,7.746986150156073,9.819833950859833,0.47555364706005865,17.056532660805,-4.619543003265283,-4.619543003265283,8.665388696616107,31.0,20.0
LGBM_nl31_lr0.05_ss1.0,LightGBM,4,28,,0.05,1.0,0.8,,7.48037972432201,9.48777621069302,0.5104222791996582,16.708158064418015,-4.569150310388806,-4.569150310388806,8.315092474847544,31.0,20.0
LGBM_nl31_lr0.1_ss0.8,LightGBM,4,20,,0.1,0.8,0.8,,6.946106816782062,8.876002938091808,0.5715228604797129,15.891468302827924,-4.23538913094091,-4.23538913094091,7.800314549203898,31.0,20.0
LGBM_nl31_lr0.1_ss1.0,LightGBM,4,20,,0.1,1.0,0.8,,6.921168810228149,8.856667078388226,0.5733876524914293,15.912110901428585,-4.196402210655467,-4.196402210655467,7.79940768416498,31.0,20.0
LGBM_nl63_lr0.05_ss0.8,LightGBM,4,24,,0.05,0.8,0.8,,7.597285360501108,9.613728818304756,0.49733746585745564,16.794166722360504,-4.634116003671499,-4.634116003671499,8.423108135149343,63.0,20.0
LGBM_nl63_lr0.05_ss1.0,LightGBM,4,25,,0.05,1.0,0.8,,7.616003929937246,9.633230406470927,0.49529608100245914,16.884310411678715,-4.645639233711556,-4.645639233711556,8.439026257475204,63.0,20.0
LGBM_nl63_lr0.1_ss0.8,LightGBM,4,107,,0.1,0.8,0.8,,6.218711660335806,8.234978769400756,0.6311772097365967,14.595714264502535,-3.7728567240797073,-3.7728567240797073,7.3198652632441075,63.0,20.0
LGBM_nl63_lr0.1_ss1.0,LightGBM,4,20,,0.1,1.0,0.8,,6.8260302630067695,8.749804175216708,0.5836203956138722,15.62998591797578,-4.231087267785312,-4.231087267785312,7.658784083457683,63.0,20.0
