model,reg_lambda,learning_rate,feature_selector,mean_MAE,std_MAE,mean_RMSE,mean_R2,mean_sMAPE,mean_bias,mean_rounds,n_folds,source
Ridge_a0.001,,,,5.796612197102819,0.6489241888808512,7.414207709143827,0.6221497309290251,12.837611483952651,-1.8966296997593448,,4.0,locked_ridge_tuning_csv
Ridge_a0.01,,,,5.80425628047763,0.6678797568735525,7.421856513170726,0.621931296125577,12.863876953024723,-1.9506891824130017,,4.0,locked_walk_forward_csv
LightGBM,,,,5.916945269217412,0.943894418091452,7.852708459176974,0.6061476905646208,13.0035149048647,-3.1530876633407043,,4.0,locked_walk_forward_csv
XGBoost,,,,5.945953023720335,0.960482656412196,7.905744590312022,0.6013872045379008,13.056313024010391,-3.0690633497151163,,4.0,locked_walk_forward_csv
coarse_XGB_gblinear_l2_0.001,,,,6.013411691953039,1.1571310041129943,7.660519984229792,0.6044588799004541,13.495616403315807,-2.669435415235342,,4.0,coarse_gblinear_csv
gblin_1e-06_eta1p0_cyclic,1e-06,1.0,cyclic,6.025908499826451,1.1952052350402345,7.670544459155341,0.6026959003936113,13.529205767217501,-2.650200699252262,121.75,4.0,this_run_dev_folds_only
gblin_1e-05_eta1p0_cyclic,1e-05,1.0,cyclic,6.025972788801149,1.1951890983896776,7.670633550526816,0.6026889494226284,13.529319803099224,-2.6503258720362326,121.75,4.0,this_run_dev_folds_only
gblin_1e-04_eta1p0_cyclic,0.0001,1.0,cyclic,6.0262397806652155,1.195374583473873,7.671105059338782,0.6026970056296374,13.529853349673097,-2.652295823864428,122.0,4.0,this_run_dev_folds_only
gblin_1e-03_eta1p0_cyclic,0.001,1.0,cyclic,6.033316017183514,1.1952706069346954,7.680599256463339,0.6019023431046506,13.542676488521355,-2.664397606203034,121.25,4.0,this_run_dev_folds_only
gblin_3e-03_eta1p0_cyclic,0.003,1.0,cyclic,6.047169146510821,1.1953133253113772,7.699417527111638,0.6003981276443351,13.567052564408955,-2.6923334381487103,120.25,4.0,this_run_dev_folds_only
gblin_1e-06_eta1p0_shuffle,1e-06,1.0,shuffle,6.071255833752564,0.9644288552111071,7.793458332840841,0.5894690673577426,13.629923795995321,-2.964211422392146,10.25,4.0,this_run_dev_folds_only
gblin_1e-05_eta1p0_shuffle,1e-05,1.0,shuffle,6.071288537716498,0.9644694190792741,7.793493171806039,0.5894673631133932,13.629971916734183,-2.9642435523011743,10.25,4.0,this_run_dev_folds_only
gblin_1e-04_eta1p0_shuffle,0.0001,1.0,shuffle,6.0716012630302565,0.9648711526579895,7.793827757508316,0.5894521244773003,13.630413837370078,-2.964548968498682,10.25,4.0,this_run_dev_folds_only
gblin_1e-03_eta1p0_shuffle,0.001,1.0,shuffle,6.074674000598806,0.9688002724173991,7.797127108647937,0.5893009206798565,13.634732853423042,-2.9675093974129214,10.25,4.0,this_run_dev_folds_only
gblin_1e-02_eta1p0_cyclic,0.01,1.0,cyclic,6.074824914502813,1.1955793183342174,7.74620582144882,0.5966780224633255,13.600975341936937,-2.7929585717960976,65.5,4.0,this_run_dev_folds_only
gblin_3e-03_eta1p0_shuffle,0.003,1.0,shuffle,6.081504972876457,0.9774016555410526,7.804488255755281,0.5889516750834987,13.644399107716136,-2.973971099207673,10.25,4.0,this_run_dev_folds_only
gblin_1e-02_eta1p0_shuffle,0.01,1.0,shuffle,6.105283677499588,1.005895660152822,7.830471894098999,0.5876032073269791,13.678684350173219,-2.9954047781186777,10.25,4.0,this_run_dev_folds_only
gblin_1e-06_eta0p3_shuffle,1e-06,0.3,shuffle,6.163725060621026,1.214790916736349,7.963910042527424,0.5748594193992869,13.663971740734905,-2.831837791977782,93.0,4.0,this_run_dev_folds_only
gblin_1e-05_eta0p3_shuffle,1e-05,0.3,shuffle,6.163748557202458,1.2147904847656614,7.963940443515505,0.5748578588522174,13.664010847342654,-2.8318916554973854,93.0,4.0,this_run_dev_folds_only
gblin_1e-04_eta0p3_shuffle,0.0001,0.3,shuffle,6.163989786743487,1.2148103292076677,7.964253583710501,0.5748416843448453,13.664423567354389,-2.832480410185399,93.0,4.0,this_run_dev_folds_only
gblin_1e-03_eta0p3_shuffle,0.001,0.3,shuffle,6.166401933615158,1.214969356602141,7.967388329756053,0.5746785682483581,13.668556124842116,-2.83829363094248,93.0,4.0,this_run_dev_folds_only
gblin_3e-03_eta0p3_shuffle,0.003,0.3,shuffle,6.1717386989318435,1.2153770824288639,7.974321689058824,0.5743119376557976,13.67779561699395,-2.8506811073930267,93.0,4.0,this_run_dev_folds_only
gblin_1e-02_eta0p3_shuffle,0.01,0.3,shuffle,6.190226840363964,1.2173928634108777,7.997929135239792,0.5730123220735807,13.710826276316885,-2.8891310896806095,93.0,4.0,this_run_dev_folds_only
gblin_1e-06_eta0p3_cyclic,1e-06,0.3,cyclic,6.282804075575206,1.4996759794652479,8.068619580515726,0.567467244569922,13.94151931556253,-2.9887140960130214,122.75,4.0,this_run_dev_folds_only
gblin_1e-04_eta0p3_cyclic,0.0001,0.3,cyclic,6.282997703985389,1.4995256188899977,8.06887003191295,0.5674555310319738,13.941802055294847,-2.9892223812446663,122.75,4.0,this_run_dev_folds_only
gblin_1e-05_eta0p3_cyclic,1e-05,0.3,cyclic,6.283052389547352,1.4993881284809671,8.068884121089818,0.5674174422071407,13.94193257279737,-2.988529893355966,122.25,4.0,this_run_dev_folds_only
gblin_1e-03_eta0p3_cyclic,0.001,0.3,cyclic,6.2852676142442006,1.4976141313911608,8.071665635896652,0.5672477675809473,13.945264349076066,-2.9933980122164043,121.75,4.0,this_run_dev_folds_only
gblin_3e-03_eta0p3_cyclic,0.003,0.3,cyclic,6.289855215209636,1.4939538236567613,8.077450014366754,0.5668712222610872,13.952297560701156,-3.00289675355491,120.5,4.0,this_run_dev_folds_only
gblin_1e-02_eta0p3_cyclic,0.01,0.3,cyclic,6.305391288496375,1.4824302795985695,8.097204556641124,0.5655802760010402,13.977446625273231,-3.033606504005875,117.0,4.0,this_run_dev_folds_only
gblin_1e-06_eta0p1_shuffle,1e-06,0.1,shuffle,6.43328106356347,1.6566029202114114,8.411067147006165,0.5317057006406367,14.059580597668058,-2.9850077121930867,82.75,4.0,this_run_dev_folds_only
gblin_1e-05_eta0p1_shuffle,1e-05,0.1,shuffle,6.4332966018733835,1.6565987128024573,8.411089658181991,0.5317037683601514,14.059610030308837,-2.9850447750670632,82.75,4.0,this_run_dev_folds_only
gblin_1e-04_eta0p1_shuffle,0.0001,0.1,shuffle,6.433464146919762,1.6565348545401493,8.4113309273904,0.531683460655524,14.059928998082276,-2.9854499612944787,82.75,4.0,this_run_dev_folds_only
gblin_1e-03_eta0p1_shuffle,0.001,0.1,shuffle,6.435124073401614,1.655883558958125,8.41371006971572,0.5314832413935754,14.063083978281576,-2.989406921388614,82.75,4.0,this_run_dev_folds_only
gblin_3e-03_eta0p1_shuffle,0.003,0.1,shuffle,6.438810633027442,1.6544477972344862,8.418959834912796,0.5310405912419658,14.070069913545039,-2.9979817292947115,82.75,4.0,this_run_dev_folds_only
gblin_1e-02_eta0p1_shuffle,0.01,0.1,shuffle,6.451651393721193,1.649618912490982,8.436918548947338,0.529518932016302,14.09436004040466,-3.025873478480883,82.75,4.0,this_run_dev_folds_only
gblin_1e-06_eta0p1_cyclic,1e-06,0.1,cyclic,6.462836151898303,1.794630398187012,8.438185090852734,0.5307190993441404,14.157830569785455,-3.107140949157014,83.75,4.0,this_run_dev_folds_only
gblin_1e-05_eta0p1_cyclic,1e-05,0.1,cyclic,6.46284987530551,1.7946223067235376,8.438206429628693,0.5307173434733399,14.15785658444985,-3.107181002396331,83.75,4.0,this_run_dev_folds_only
gblin_1e-04_eta0p1_cyclic,0.0001,0.1,cyclic,6.462991839368797,1.7945382133503658,8.43842317855822,0.5306993050475703,14.15812095443939,-3.1075575436691105,83.75,4.0,this_run_dev_folds_only
gblin_1e-03_eta0p1_cyclic,0.001,0.1,cyclic,6.464417502869613,1.793709383934636,8.440589021779683,0.5305188770626619,14.16077626174119,-3.1113185835378916,83.75,4.0,this_run_dev_folds_only
gblin_3e-03_eta0p1_cyclic,0.003,0.1,cyclic,6.467597589983575,1.7918586663165874,8.445363747285478,0.5301206622643648,14.166663426055058,-3.1194487508945645,83.75,4.0,this_run_dev_folds_only
gblin_1e-02_eta0p1_cyclic,0.01,0.1,cyclic,6.479797154312265,1.7855004594532196,8.45959303031833,0.5289183094467103,14.193609694346716,-3.1482300880144307,84.0,4.0,this_run_dev_folds_only
Naive Lag-24,,,,7.351456021707257,1.0113641071743555,10.777186688934698,0.2270053995444772,16.592994206196806,-0.0021304128280211,,4.0,locked_walk_forward_csv
