model,fold,n_rounds,reg_lambda,learning_rate,feature_selector,MAE,RMSE,R2,sMAPE,bias,residual_mean,residual_std
gblin_1e-06_eta0p1_cyclic,1,15,1e-06,0.1,cyclic,6.362420797140006,8.576205429511626,0.6587324871435679,15.38627189371555,-2.8967520509342215,-2.8967520509342215,8.072182302487542
gblin_1e-06_eta0p1_shuffle,1,12,1e-06,0.1,shuffle,6.390777010668044,8.643671731289785,0.6533420802334473,15.400624615661373,-3.1259018563136154,-3.1259018563136154,8.05864744128897
gblin_1e-06_eta0p3_cyclic,1,10,1e-06,0.3,cyclic,6.347406569928932,8.42380528212917,0.6707534478830477,15.489131846705561,-2.877641762938275,-2.877641762938275,7.917049533470205
gblin_1e-06_eta0p3_shuffle,1,10,1e-06,0.3,shuffle,6.344469768090536,8.432374378736291,0.6700832565807233,15.561555843368085,-2.9737585600542538,-2.9737585600542538,7.890608195169261
gblin_1e-06_eta1p0_cyclic,1,81,1e-06,1.0,cyclic,6.110842459527438,8.016571387074924,0.7018176553797433,15.166597903261781,-2.086190191546543,-2.086190191546543,7.740363511409743
gblin_1e-06_eta1p0_shuffle,1,10,1e-06,1.0,shuffle,6.258315273368918,8.215653002815843,0.6868237836512852,15.49909680401424,-2.7357836379052802,-2.7357836379052802,7.746769788063069
gblin_1e-05_eta0p1_cyclic,1,15,1e-05,0.1,cyclic,6.362418897791996,8.576206406692885,0.6587324093748532,15.386258998613577,-2.896751689626066,-2.896751689626066,8.072183470341134
gblin_1e-05_eta0p1_shuffle,1,12,1e-05,0.1,shuffle,6.390774038436429,8.64366982650751,0.6533422330175439,15.40060900461727,-3.125890843775448,-3.125890843775448,8.058649669918477
gblin_1e-05_eta0p3_cyclic,1,10,1e-05,0.3,cyclic,6.347395273248622,8.423795786572516,0.6707541901550784,15.489095597306068,-2.8776278215718745,-2.8776278215718745,7.9170444974366765
gblin_1e-05_eta0p3_shuffle,1,10,1e-05,0.3,shuffle,6.344470786889928,8.43237862960323,0.6700829239502049,15.561543129001464,-2.973761830549112,-2.973761830549112,7.890611505337113
gblin_1e-05_eta1p0_cyclic,1,81,1e-05,1.0,cyclic,6.110902896497073,8.016662631961847,0.7018108674980312,15.166691691365713,-2.0864610097104275,-2.0864610097104275,7.740385016887182
gblin_1e-05_eta1p0_shuffle,1,10,1e-05,1.0,shuffle,6.258318600208167,8.215662103416406,0.6868230898310305,15.499082210877283,-2.7358158757974635,-2.7358158757974635,7.746768054566179
gblin_1e-04_eta0p1_cyclic,1,15,0.0001,0.1,cyclic,6.362428940574595,8.576242459540556,0.6587295401122124,15.386181667454881,-2.8967854692983943,-2.8967854692983943,8.072209652238222
gblin_1e-04_eta0p1_shuffle,1,12,0.0001,0.1,shuffle,6.390799193036636,8.643717044184154,0.6533384456403342,15.400571449040596,-3.1259053389850076,-3.1259053389850076,8.058694692791425
gblin_1e-04_eta0p3_cyclic,1,10,0.0001,0.3,cyclic,6.3473382833676055,8.423765781509672,0.6707565356591411,15.488840574668798,-2.877614003055047,-2.877614003055047,7.917017594470457
gblin_1e-04_eta0p3_shuffle,1,10,0.0001,0.3,shuffle,6.344460056973784,8.432402304729324,0.6700810713675152,15.561373337791096,-2.9737752689163153,-2.9737752689163153,7.89063174142515
gblin_1e-04_eta1p0_cyclic,1,81,0.0001,1.0,cyclic,6.1114777341202995,8.017553184343125,0.7017446135457204,15.167572042007766,-2.0891048169578084,-2.0891048169578084,7.740594300668021
gblin_1e-04_eta1p0_shuffle,1,10,0.0001,1.0,shuffle,6.258371063836469,8.215770886922318,0.6868147962309822,15.498973282349121,-2.7361486377484043,-2.7361486377484043,7.746765899299389
gblin_1e-03_eta0p1_cyclic,1,15,0.001,0.1,cyclic,6.362475173057326,8.576549978524701,0.6587050657512816,15.385300026077827,-2.8970466132484023,-2.8970466132484023,8.072442657262917
gblin_1e-03_eta0p1_shuffle,1,12,0.001,0.1,shuffle,6.39104161528773,8.644178073755729,0.6533014649087207,15.400178891010196,-3.126031700351894,-3.126031700351894,8.059140176172292
gblin_1e-03_eta0p3_cyclic,1,10,0.001,0.3,cyclic,6.346729806111163,8.423429410727353,0.670782829284439,15.486218203407113,-2.8774556312737043,-2.8774556312737043,7.916717257017444
gblin_1e-03_eta0p3_shuffle,1,10,0.001,0.3,shuffle,6.344410932285674,8.432707099873456,0.6700572206305282,15.559796816365376,-2.9740664753889874,-2.9740664753889874,7.890847713156268
gblin_1e-03_eta1p0_cyclic,1,80,0.001,1.0,cyclic,6.116432098736533,8.025621292861338,0.7011440393970116,15.174886104716952,-2.113941435771335,-2.113941435771335,7.742212134949438
gblin_1e-03_eta1p0_shuffle,1,10,0.001,1.0,shuffle,6.258890784239609,8.216841449510696,0.6867331712169081,15.497882180012576,-2.739359719956481,-2.739359719956481,7.746766533920909
gblin_3e-03_eta0p1_cyclic,1,15,0.003,0.1,cyclic,6.362584662024607,8.577236497488103,0.658650424940542,15.383365649344949,-2.897621691342168,-2.897621691342168,8.07296565505548
gblin_3e-03_eta0p1_shuffle,1,12,0.003,0.1,shuffle,6.391558573492421,8.645184855550431,0.6532207007002091,15.39926807852775,-3.126264465530446,-3.126264465530446,8.06012975566772
gblin_3e-03_eta0p3_cyclic,1,10,0.003,0.3,cyclic,6.3453912429809565,8.422698114154157,0.670839990073998,15.480432814679304,-2.8770943678017424,-2.8770943678017424,7.91607045957396
gblin_3e-03_eta0p3_shuffle,1,10,0.003,0.3,shuffle,6.344302948197263,8.433375969168933,0.6700048774519711,15.556304387426279,-2.9746631998095734,-2.9746631998095734,7.891337597964917
gblin_3e-03_eta1p0_cyclic,1,79,0.003,1.0,cyclic,6.127412105409592,8.043563764598384,0.6998062716540795,15.189728315290068,-2.1664063791777664,-2.1664063791777664,7.746328255077886
gblin_3e-03_eta1p0_shuffle,1,10,0.003,1.0,shuffle,6.260087189815988,8.219297571679132,0.686545864061801,15.495570491918626,-2.7463474367840974,-2.7463474367840974,7.7468979810166525
gblin_1e-02_eta0p1_cyclic,1,16,0.01,0.1,cyclic,6.367458058408443,8.571101828335758,0.6591385350311554,15.40337286638455,-2.9094498243459923,-2.9094498243459923,8.062188801517467
gblin_1e-02_eta0p1_shuffle,1,12,0.01,0.1,shuffle,6.393493296482419,8.648738063213084,0.6529355865934585,15.39657777702823,-3.1270838378611825,-3.1270838378611825,8.06362305400359
gblin_1e-02_eta0p3_cyclic,1,10,0.01,0.3,cyclic,6.341096156781153,8.420460877932655,0.6710148297475789,15.461135262799097,-2.8760383783522863,-2.8760383783522863,7.9140738335600025
gblin_1e-02_eta0p3_shuffle,1,10,0.01,0.3,shuffle,6.344110312085023,8.435831146756742,0.6698127089617476,15.54456338768425,-2.9767676743636993,-2.9767676743636993,7.893168017308038
gblin_1e-02_eta1p0_cyclic,1,23,0.01,1.0,cyclic,6.124578670347822,8.077739892772142,0.6972498786825485,15.13576790461457,-2.435139648539633,-2.435139648539633,7.701946290866534
gblin_1e-02_eta1p0_shuffle,1,10,0.01,1.0,shuffle,6.264605705675663,8.228757633808396,0.6858239040550314,15.488713142342256,-2.769747750946339,-2.769747750946339,7.748609526365852
gblin_1e-06_eta0p1_cyclic,2,10,1e-06,0.1,cyclic,9.001252080904557,11.41282969299993,0.41231037431472395,18.669216485549686,-7.591529026953166,-7.591529026953166,8.52181721432397
gblin_1e-06_eta0p1_shuffle,2,11,1e-06,0.1,shuffle,8.764666651808975,11.15448336039524,0.4386156892352231,18.12189864567653,-7.166024506357693,-7.166024506357693,8.548133820408713
gblin_1e-06_eta0p3_cyclic,2,10,1e-06,0.3,cyclic,8.357492114035074,10.293751404138616,0.5219110537348859,17.64873163358155,-7.219007717708613,-7.219007717708613,7.338068243200605
gblin_1e-06_eta0p3_shuffle,2,10,1e-06,0.3,shuffle,7.79288171349596,9.790821933223034,0.5674865122728083,16.276834031586002,-6.441043004119157,-6.441043004119157,7.373815779307813
gblin_1e-06_eta1p0_cyclic,2,35,1e-06,1.0,cyclic,7.655892779420686,9.22539379612279,0.6160000407699491,16.47154057797664,-6.573440862527629,-6.573440862527629,6.4728483622276265
gblin_1e-06_eta1p0_shuffle,2,10,1e-06,1.0,shuffle,7.286491734882329,8.99094791839045,0.6352693043117088,15.574623417546176,-6.156439783134716,-6.156439783134716,6.552510485901242
gblin_1e-05_eta0p1_cyclic,2,10,1e-05,0.1,cyclic,9.001253044179622,11.41283794049632,0.412309524925055,18.669208972223736,-7.591523698537943,-7.591523698537943,8.521833006493912
gblin_1e-05_eta0p1_shuffle,2,11,1e-05,0.1,shuffle,8.764677073741119,11.154501768288945,0.4386138363638863,18.121912777070335,-7.166033481777115,-7.166033481777115,8.54815031669487
gblin_1e-05_eta0p3_cyclic,2,10,1e-05,0.3,cyclic,8.357495403251392,10.293766393811739,0.5219096613557688,17.648720210959574,-7.2190029506171305,-7.2190029506171305,7.338093960242611
gblin_1e-05_eta0p3_shuffle,2,10,1e-05,0.3,shuffle,7.79290523980928,9.790856695164589,0.5674834410219215,16.27686870386695,-6.441059712621191,-6.441059712621191,7.373847340682982
gblin_1e-05_eta1p0_cyclic,2,35,1e-05,1.0,cyclic,7.655921982976414,9.225457897784741,0.6159947043861291,16.471560459503355,-6.573469573885002,-6.573469573885002,6.472910565194531
gblin_1e-05_eta1p0_shuffle,2,10,1e-05,1.0,shuffle,7.286586511919161,8.991058472461072,0.6352603346877357,15.574793810008696,-6.156549944359184,-6.156549944359184,6.552558678701394
gblin_1e-04_eta0p1_cyclic,2,10,0.0001,0.1,cyclic,9.001258384115744,11.412920011761786,0.4123010725708436,18.669118068519893,-7.5914659129149165,-7.5914659129149165,8.52199439614481
gblin_1e-04_eta0p1_shuffle,2,11,0.0001,0.1,shuffle,8.76474500927509,11.15465122085905,0.4385987929009353,18.1219688383061,-7.166060546286155,-7.166060546286155,8.548322648682214
gblin_1e-04_eta0p3_cyclic,2,10,0.0001,0.3,cyclic,8.35748429326563,10.293869955551058,0.5219000415306849,17.648500932367902,-7.218887713477115,-7.218887713477115,7.338352597279983
gblin_1e-04_eta0p3_shuffle,2,10,0.0001,0.3,shuffle,7.793190983996296,9.791251770681194,0.5674485349547891,16.277339121725724,-6.441316778733427,-6.441316778733427,7.374147367179129
gblin_1e-04_eta1p0_cyclic,2,35,0.0001,1.0,cyclic,7.656068688808672,9.225958201651238,0.6159530534359711,16.471402785124955,-6.573555257362007,-6.573555257362007,6.4735365926998565
gblin_1e-04_eta1p0_shuffle,2,10,0.0001,1.0,shuffle,7.287496320097238,8.992133533231884,0.6351731056368584,15.57639826400973,-6.157588319356009,-6.157588319356009,6.553058184451269
gblin_1e-03_eta0p1_cyclic,2,10,0.001,0.1,cyclic,9.001345024467314,11.413771230610156,0.4122134036729038,18.66829839352749,-7.590947150569635,-7.590947150569635,8.523596369019524
gblin_1e-03_eta0p1_shuffle,2,11,0.001,0.1,shuffle,8.765387557266543,11.15609839763916,0.4384531138514396,18.122458588729355,-7.1662971861666485,-7.1662971861666485,8.550012637262418
gblin_1e-03_eta0p3_cyclic,2,10,0.001,0.3,cyclic,8.357483730853803,10.29501176171824,0.521793973014333,17.6465746033708,-7.217878244412825,-7.217878244412825,7.3409468614579225
gblin_1e-03_eta0p3_shuffle,2,10,0.001,0.3,shuffle,7.795960926567949,9.795116706212513,0.5671069824097092,16.281844964008506,-6.443755043618632,-6.443755043618632,7.3771493292574
gblin_1e-03_eta1p0_cyclic,2,34,0.001,1.0,cyclic,7.662721965661785,9.235883621336964,0.615126282395008,16.482264678797748,-6.580298651010398,-6.580298651010398,6.4808345087952315
gblin_1e-03_eta1p0_shuffle,2,10,0.001,1.0,shuffle,7.296390284147838,9.00267246255891,0.6343174381856538,15.591995958054856,-6.167639266750156,-6.167639266750156,6.558074209961194
gblin_3e-03_eta0p1_cyclic,2,10,0.003,0.1,cyclic,9.00150860339683,11.415630310292336,0.4120219102410224,18.666415993850467,-7.589749318986931,-7.589749318986931,8.527151966289946
gblin_3e-03_eta0p1_shuffle,2,11,0.003,0.1,shuffle,8.766811190765175,11.159311670524659,0.43812958439184535,18.123540727042055,-7.1668174404681935,-7.1668174404681935,8.553769036799439
gblin_3e-03_eta0p3_cyclic,2,10,0.003,0.3,cyclic,8.357484593961061,10.297555557632888,0.521557623828257,17.642321616635304,-7.215642510190105,-7.215642510190105,7.3467103949777
gblin_3e-03_eta0p3_shuffle,2,10,0.003,0.3,shuffle,7.80208779785617,9.803671994448148,0.5663504540241716,16.291808757855655,-6.4491329964631365,-6.4491329964631365,7.383811222441793
gblin_3e-03_eta1p0_cyclic,2,32,0.003,1.0,cyclic,7.675115903700757,9.255535146045444,0.613486720422508,16.500766676626384,-6.592739347509089,-6.592739347509089,6.496208027417832
gblin_3e-03_eta1p0_shuffle,2,10,0.003,1.0,shuffle,7.315955900806709,9.025873406830934,0.6324301956722033,15.626362321156067,-6.18952561675462,-6.18952561675462,6.569335080179437
gblin_1e-02_eta0p1_cyclic,2,10,0.01,0.1,cyclic,9.002094012446051,11.422119813007756,0.4113532183041577,18.659930735142485,-7.585596562097537,-7.585596562097537,8.539528430762344
gblin_1e-02_eta0p1_shuffle,2,11,0.01,0.1,shuffle,8.771710597172678,11.170442319459704,0.43700817090554,18.127189384785062,-7.16856342932682,-7.16856342932682,8.566824380836486
gblin_1e-02_eta0p3_cyclic,2,10,0.01,0.3,cyclic,8.357714334359903,10.30666720556998,0.5207105631560753,17.62809803298562,-7.2081162942591925,-7.2081162942591925,7.366847926678465
gblin_1e-02_eta0p3_shuffle,2,10,0.01,0.3,shuffle,7.82341626662696,9.833242452698448,0.5637305061310044,16.326724316775863,-6.467574631633375,-6.467574631633375,7.4069653379642215
gblin_1e-02_eta1p0_cyclic,2,26,0.01,1.0,cyclic,7.707162290905946,9.311456504813439,0.6088020331092834,16.53920688197526,-6.624755966608956,-6.624755966608956,6.543380672397987
gblin_1e-02_eta1p0_shuffle,2,10,0.01,1.0,shuffle,7.381529142853397,9.104565480404766,0.625992941495055,15.74078337036562,-6.261291814356041,-6.261291814356041,6.609791025626763
gblin_1e-06_eta0p1_cyclic,3,10,1e-06,0.1,cyclic,4.8999370961155675,6.477347656001036,0.34057805089606075,9.485617579149883,0.18401826292266396,0.18401826292266396,6.474733194164299
gblin_1e-06_eta0p1_shuffle,3,10,1e-06,0.1,shuffle,4.9919017427042,6.560407588716451,0.32355790091549874,9.62295596347082,0.4855111849431983,0.4855111849431983,6.542417490452857
gblin_1e-06_eta0p3_cyclic,3,171,1e-06,0.3,cyclic,4.939025448322776,6.403655925965605,0.35549697268983227,9.747945582508267,0.05034932179724529,0.05034932179724529,6.403457984866377
gblin_1e-06_eta0p3_shuffle,3,54,1e-06,0.3,shuffle,5.03243459364345,6.479534795139924,0.3401326553036178,9.942041779732183,-0.002347748253178223,-0.002347748253178223,6.479534369806762
gblin_1e-06_eta1p0_cyclic,3,71,1e-06,1.0,cyclic,4.8936659667108815,6.349006098689343,0.3664506168318751,9.685528943928148,-0.07671434752455646,-0.07671434752455646,6.348542616229205
gblin_1e-06_eta1p0_shuffle,3,11,1e-06,1.0,shuffle,4.985814389289925,6.474843480854889,0.3410878240135323,9.872553088839421,-0.33506661822995004,-0.33506661822995004,6.46616798907336
gblin_1e-05_eta0p1_cyclic,3,10,1e-05,0.1,cyclic,4.899933234710335,6.477348158486243,0.34057794858573076,9.485608822129947,0.18400965777950304,0.18400965777950304,6.474733941413268
gblin_1e-05_eta0p1_shuffle,3,10,1e-05,0.1,shuffle,4.991900014509414,6.56040917097887,0.32355757462204005,9.62295158164745,0.48550756923466964,0.48550756923466964,6.542419345385888
gblin_1e-05_eta0p3_cyclic,3,169,1e-05,0.3,cyclic,4.939946180085775,6.404600493663217,0.35530682454749407,9.749474337485937,0.051306847921356855,0.051306847921356855,6.404394982415396
gblin_1e-05_eta0p3_shuffle,3,54,1e-05,0.3,shuffle,5.032419054606584,6.4795062921708375,0.34013846070099696,9.941997402696174,-0.002310321734920009,-0.002310321734920009,6.479505880288632
gblin_1e-05_eta1p0_cyclic,3,71,1e-05,1.0,cyclic,4.893689606060962,6.349007520698129,0.3664503330353638,9.685552723598605,-0.07663603809846792,-0.07663603809846792,6.348544984131874
gblin_1e-05_eta1p0_shuffle,3,11,1e-05,1.0,shuffle,4.985798870087949,6.474806998007622,0.34109524934346513,9.872504472733779,-0.33497555752881847,-0.33497555752881847,6.466136175283253
gblin_1e-04_eta0p1_cyclic,3,10,0.0001,0.1,cyclic,4.899907016824532,6.477360026401137,0.34057553217340775,9.48553898513598,0.18399816122122248,0.18399816122122248,6.474746140837226
gblin_1e-04_eta0p1_shuffle,3,10,0.0001,0.1,shuffle,4.991875998936256,6.560420990497004,0.32355513720373064,9.622892890523357,0.4854558590361434,0.4854558590361434,6.542435034563291
gblin_1e-04_eta0p3_cyclic,3,171,0.0001,0.3,cyclic,4.938987964219352,6.403389678173043,0.35555056518231165,9.747708702355506,0.05074117092988679,0.05074117092988679,6.40318863568033
gblin_1e-04_eta0p3_shuffle,3,54,0.0001,0.3,shuffle,5.03224995633253,6.479212782991609,0.34019824026552237,9.941531356595174,-0.001991482273678828,-0.001991482273678828,6.479212476935775
gblin_1e-04_eta1p0_cyclic,3,72,0.0001,1.0,cyclic,4.892639115265415,6.347550630833853,0.3667410575886878,9.683866407150758,-0.07899553265038921,-0.07899553265038921,6.347059060448432
gblin_1e-04_eta1p0_shuffle,3,11,0.0001,1.0,shuffle,4.985619042955442,6.47442051100758,0.3411739082193478,9.871965149768391,-0.33408111339365615,-0.33408111339365615,6.465795447045113
gblin_1e-03_eta0p1_cyclic,3,10,0.001,0.1,cyclic,4.899642506407155,6.477475965656619,0.34055192568380155,9.484839316741741,0.18385065618116408,0.18385065618116408,6.474866316911949
gblin_1e-03_eta0p1_shuffle,3,10,0.001,0.1,shuffle,4.9916437522071755,6.560538248265665,0.323530956095781,9.622329498071702,0.4849451739577711,0.4849451739577711,6.542590487353751
gblin_1e-03_eta0p3_cyclic,3,167,0.001,0.3,cyclic,4.940583662834795,6.402928688152109,0.35564335168433014,9.748865353559664,0.05592954119273148,0.05592954119273148,6.402684411399898
gblin_1e-03_eta0p3_shuffle,3,54,0.001,0.3,shuffle,5.030614839596702,6.476312156639876,0.34078887065223207,9.936971031815741,0.0012242000289349917,0.0012242000289349917,6.476312040936241
gblin_1e-03_eta1p0_cyclic,3,71,0.001,1.0,cyclic,4.8961835086109735,6.34924705945978,0.3664025263301396,9.687898047189712,-0.0682250471604585,-0.0682250471604585,6.348880496985167
gblin_1e-03_eta1p0_shuffle,3,11,0.001,1.0,shuffle,4.9838469843974815,6.470631721646486,0.3419447642107557,9.866663406743225,-0.32534978961912575,-0.32534978961912575,6.462447090040471
gblin_3e-03_eta0p1_cyclic,3,10,0.003,0.1,cyclic,4.899053400110694,6.477732274475421,0.34049973692943825,9.483284820442767,0.18350948903193545,0.18350948903193545,6.475132406925417
gblin_3e-03_eta0p1_shuffle,3,10,0.003,0.1,shuffle,4.991136586222221,6.560802921407876,0.3234763731355814,9.621103668597344,0.4838184440635828,0.4838184440635828,6.542939300248629
gblin_3e-03_eta0p3_cyclic,3,162,0.003,0.3,cyclic,4.9422629739325625,6.40018537008276,0.3561953792468989,9.74843739731214,0.06485551242258927,0.06485551242258927,6.399856758860294
gblin_3e-03_eta0p3_shuffle,3,54,0.003,0.3,shuffle,5.027013158711839,6.470032579927858,0.3420666225109772,9.926936837565952,0.008183707615066428,0.008183707615066428,6.470027404289537
gblin_3e-03_eta1p0_cyclic,3,70,0.003,1.0,cyclic,4.900913196577798,6.3502083068897495,0.3662106641956998,9.69191253348395,-0.05216459837986763,-0.05216459837986763,6.349994046892285
gblin_3e-03_eta1p0_shuffle,3,11,0.003,1.0,shuffle,4.9801150328678725,6.4625200281422375,0.3435936284155471,9.85536873174754,-0.30637823927046576,-0.30637823927046576,6.45525347981325
gblin_1e-02_eta0p1_cyclic,3,10,0.01,0.1,cyclic,4.897004859435483,6.478650832936763,0.340312686130653,9.47789249830585,0.1822735239186971,0.1822735239186971,6.476086239202693
gblin_1e-02_eta0p1_shuffle,3,10,0.01,0.1,shuffle,4.9893609166649195,6.561736554169064,0.3232838145201541,9.61683068186122,0.4798429862927448,0.4798429862927448,6.544168191208426
gblin_1e-02_eta0p3_cyclic,3,148,0.01,0.3,cyclic,4.945494762831429,6.390525244042548,0.35813736683604047,9.743766814778832,0.08892020956536592,0.08892020956536592,6.389906579213497
gblin_1e-02_eta0p3_shuffle,3,54,0.01,0.3,shuffle,5.015324477151271,6.4497563387621,0.34618391623516587,9.894054110357242,0.03106214076070659,0.03106214076070659,6.449681540418353
gblin_1e-02_eta1p0_cyclic,3,63,0.01,1.0,cyclic,4.912443321711743,6.350552039921238,0.36614204905258785,9.697926914332083,-0.012050442905163583,-0.012050442905163583,6.350540606796684
gblin_1e-02_eta1p0_shuffle,3,11,0.01,1.0,shuffle,4.968653164837673,6.4372103087806,0.34872504112182257,9.819558487631067,-0.24408804186155864,-0.24408804186155864,6.432580942925741
gblin_1e-06_eta0p1_cyclic,4,300,1e-06,0.1,cyclic,5.587734633433081,7.286357584898346,0.7112554850222088,13.090216320726697,-2.124300981663333,-2.124300981663333,6.969817228185389
gblin_1e-06_eta0p1_shuffle,4,298,1e-06,0.1,shuffle,5.585778849072663,7.2857059076231785,0.7113071321783776,13.092843165863508,-2.1336156710442364,-2.1336156710442364,6.9662898834781295
gblin_1e-06_eta0p3_cyclic,4,300,1e-06,0.3,cyclic,5.487292170014044,7.153265709829511,0.7217075039719221,12.88026819945474,-1.9085562252024435,-1.9085562252024435,6.893955573592254
gblin_1e-06_eta0p3_shuffle,4,298,1e-06,0.3,shuffle,5.485114167254157,7.152909063010443,0.7217352534399982,12.875455308253352,-1.9102018554845401,-1.9102018554845401,6.893129690858888
gblin_1e-06_eta1p0_cyclic,4,300,1e-06,1.0,cyclic,5.443232793646797,7.091206554734308,0.7265152885928778,12.793155643703438,-1.8644573954103212,-1.8644573954103212,6.841710971870017
gblin_1e-06_eta1p0_shuffle,4,10,1e-06,1.0,shuffle,5.7544019374690825,7.492388929302183,0.6946953574544443,13.573421873581449,-2.629555650298636,-2.629555650298636,7.015791398688562
gblin_1e-05_eta0p1_cyclic,4,300,1e-05,0.1,cyclic,5.587794324540089,7.286433212839324,0.7112494910077207,13.090349544832138,-2.1244582792008164,-2.1244582792008164,6.969848347353269
gblin_1e-05_eta0p1_shuffle,4,298,1e-05,0.1,shuffle,5.585835280806573,7.285777866952638,0.7113014294371354,13.092966757900296,-2.1337623439503606,-2.1337623439503606,6.966320218459414
gblin_1e-05_eta0p3_cyclic,4,300,1e-05,0.3,cyclic,5.487372701603622,7.153373810311801,0.7216990927702219,12.880440145437902,-1.9087956491562164,-1.9087956491562164,6.894001453424352
gblin_1e-05_eta0p3_shuffle,4,298,1e-05,0.3,shuffle,5.485199147504042,7.153020157123365,0.7217266097357463,12.875634153806029,-1.9104347570843188,-1.9104347570843188,6.893180427577486
gblin_1e-05_eta1p0_cyclic,4,300,1e-05,1.0,cyclic,5.443376669670147,7.091406151662545,0.7264998927709895,12.79347433792922,-1.864736866451033,-1.864736866451033,6.8418416838403795
gblin_1e-05_eta1p0_shuffle,4,10,1e-05,1.0,shuffle,5.754450168650715,7.492445113339059,0.6946907785913414,13.573507173316976,-2.6296328315192308,-2.6296328315192308,7.01582247122848
gblin_1e-04_eta0p1_cyclic,4,300,0.0001,0.1,cyclic,5.588373015960317,7.287170216529408,0.7111910753338178,13.091645096646806,-2.1259769536843534,-2.1259769536843534,6.9701557914494465
gblin_1e-04_eta0p1_shuffle,4,298,0.0001,0.1,shuffle,5.586436386431069,7.286534454021392,0.7112414668770959,13.09428281445905,-2.1352898189428964,-2.1352898189428964,6.966643505933085
gblin_1e-04_eta0p3_cyclic,4,300,0.0001,0.3,cyclic,5.488180275088968,7.154454712418023,0.7216149817557576,12.882158011787176,-1.9111289793763895,-1.9111289793763895,6.89447664846493
gblin_1e-04_eta0p3_shuffle,4,298,0.0001,0.3,shuffle,5.486058149671339,7.154147476439874,0.7216388907915545,12.877450453305558,-1.912838110818176,-1.912838110818176,6.8936838103043705
gblin_1e-04_eta1p0_cyclic,4,300,0.0001,1.0,cyclic,5.444773584466475,7.093358220526909,0.7263492979481703,12.796572164408907,-1.8675276884875063,-1.8675276884875063,6.843103913974212
gblin_1e-04_eta1p0_shuffle,4,10,0.0001,1.0,shuffle,5.754918625231878,7.492986098871482,0.694646687822013,13.574318653353066,-2.6303778034966574,-2.6303778034966574,7.016120957391867
gblin_1e-03_eta0p1_cyclic,4,300,0.001,0.1,cyclic,5.594207307546655,7.294558912327254,0.7106051131426604,13.104667310617705,-2.141131226514694,-2.141131226514694,6.97324506928135
gblin_1e-03_eta0p1_shuffle,4,298,0.001,0.1,shuffle,5.592423368845009,7.294025559202322,0.7106474307183603,13.107368935315048,-2.1502439729936853,-2.1502439729936853,6.96988233149607
gblin_1e-03_eta0p3_cyclic,4,300,0.001,0.3,cyclic,5.496273257177041,7.165292682988906,0.7207709163406872,12.899399235966685,-1.9341877143718191,-1.9341877143718191,6.899299755661256
gblin_1e-03_eta0p3_shuffle,4,298,0.001,0.3,shuffle,5.494621036010307,7.165417356298368,0.7207611993009628,12.89561168717884,-1.9365772047912364,-1.9365772047912364,6.898758918807415
gblin_1e-03_eta1p0_cyclic,4,300,0.001,1.0,cyclic,5.4579264957247675,7.111645052195277,0.7249365242964434,12.82565712338101,-1.895125290869946,-1.895125290869946,6.854487251452048
gblin_1e-03_eta1p0_shuffle,4,10,0.001,1.0,shuffle,5.759567949610296,7.498362800875652,0.6942083091061082,13.582389868881513,-2.6376888133259233,-2.6376888133259233,7.0191197751292895
gblin_3e-03_eta0p1_cyclic,4,300,0.003,0.1,cyclic,5.607243694402171,7.3108559068860535,0.7093105769464565,13.133587240582049,-2.1739334822810945,-2.1739334822810945,6.980159547307489
gblin_3e-03_eta0p1_shuffle,4,298,0.003,0.1,shuffle,5.6057361816299505,7.310539892168219,0.7093357067402275,13.136367180013004,-2.1826634552437887,-2.1826634552437887,6.977103536291128
gblin_3e-03_eta0p3_cyclic,4,300,0.003,0.3,cyclic,5.514282049963967,7.189361015597208,0.7188918958951949,12.937998414177878,-1.9837056486503801,-1.9837056486503801,6.910269438459074
gblin_3e-03_eta0p3_shuffle,4,298,0.003,0.3,shuffle,5.513550890962103,7.190206212690358,0.7188257966360705,12.936132485127914,-1.987111940914463,-1.987111940914463,6.910170150964893
gblin_3e-03_eta1p0_cyclic,4,300,0.003,1.0,cyclic,5.485235380355136,7.148362890912977,0.7220888543050533,12.885802732235419,-1.9580234275281179,-1.9580234275281179,6.874971729209712
gblin_3e-03_eta1p0_shuffle,4,10,0.003,1.0,shuffle,5.769861768015258,7.510262016368822,0.6932370121844433,13.600294886042311,-2.653633104021508,-2.653633104021508,7.025828556387742
gblin_1e-02_eta0p1_cyclic,4,300,0.01,0.1,cyclic,5.652631686959084,7.366499646993044,0.7048687983208749,13.233242677553978,-2.28014748953289,-2.28014748953289,7.004730150057568
gblin_1e-02_eta0p1_shuffle,4,298,0.01,0.1,shuffle,5.652040764564756,7.3667572589475,0.7048481560460552,13.236842317944127,-2.287689633028276,-2.287689633028276,7.002541585395308
gblin_1e-02_eta0p3_cyclic,4,300,0.01,0.3,cyclic,5.577259900013016,7.271164899019313,0.7124583442644661,13.07678639052938,-2.139191552977387,-2.139191552977387,6.94936676887907
gblin_1e-02_eta0p3_shuffle,4,298,0.01,0.3,shuffle,5.578056305592602,7.272886602741879,0.7123221569664047,13.077963290450183,-2.14324419348607,-2.14324419348607,6.949919701941207
gblin_1e-02_eta1p0_cyclic,4,150,0.01,1.0,cyclic,5.555115375045741,7.2450748482884615,0.714518129008882,13.030999666825839,-2.099888229130638,-2.099888229130638,6.934088186810193
gblin_1e-02_eta1p0_shuffle,4,10,0.01,1.0,shuffle,5.806346696631618,7.551354153402233,0.6898709426360076,13.665682400353932,-2.7064915053107717,-2.7064915053107717,7.049670437813798
