column_name,category,data_type,n_unique,n_missing,target_related,leakage_risk,availability_status,contemporaneous_use_at_t,lagged_use,city,weather_family,reasoning
time,identifier,object,35064,0,False,none_if_index_only,known_in_advance,not_a_feature,not_applicable,,,"Timezone-aware clock of hour t. Known for any future hour. Must not be fed as a raw numeric timestamp (would leak ordering / allow trivial time fitting). Legitimate use is as index and as the source of calendar features (hour, weekday, month, DST). Those calendar features are not in the parquet yet and must not be implemented in this audit."
timestamp_utc,identifier,"datetime64[ns, UTC]",35064,0,False,none_if_index_only,known_in_advance,not_a_feature,not_applicable,,,"Timezone-aware clock of hour t. Known for any future hour. Must not be fed as a raw numeric timestamp (would leak ordering / allow trivial time fitting). Legitimate use is as index and as the source of calendar features (hour, weekday, month, DST). Those calendar features are not in the parquet yet and must not be implemented in this audit."
generation biomass,forbidden_leakage,float64,429,6,False,high,unavailable_at_forecast_origin,forbidden,potentially_valid_if_observed_before_origin,,,"Same-hour realized generation mix. Dispatch and metering occur on the delivery day, after day-ahead clearing. Contemporaneous use is leakage. Historical lags (e.g. t-48, t-168) may be valid later if they predate origin. "
generation fossil brown coal/lignite,forbidden_leakage,float64,964,6,False,high,unavailable_at_forecast_origin,forbidden,potentially_valid_if_observed_before_origin,,,"Same-hour realized generation mix. Dispatch and metering occur on the delivery day, after day-ahead clearing. Contemporaneous use is leakage. Historical lags (e.g. t-48, t-168) may be valid later if they predate origin. "
generation fossil coal-derived gas,forbidden_leakage,float64,1,6,False,high,unavailable_at_forecast_origin,forbidden,potentially_valid_if_observed_before_origin,,,"Same-hour realized generation mix. Dispatch and metering occur on the delivery day, after day-ahead clearing. Contemporaneous use is leakage. Historical lags (e.g. t-48, t-168) may be valid later if they predate origin. Near-constant/zero series: still leakage if used at t; information value is a later selection issue."
generation fossil gas,forbidden_leakage,float64,8304,6,False,high,unavailable_at_forecast_origin,forbidden,potentially_valid_if_observed_before_origin,,,"Same-hour realized generation mix. Dispatch and metering occur on the delivery day, after day-ahead clearing. Contemporaneous use is leakage. Historical lags (e.g. t-48, t-168) may be valid later if they predate origin. "
generation fossil hard coal,forbidden_leakage,float64,7273,6,False,high,unavailable_at_forecast_origin,forbidden,potentially_valid_if_observed_before_origin,,,"Same-hour realized generation mix. Dispatch and metering occur on the delivery day, after day-ahead clearing. Contemporaneous use is leakage. Historical lags (e.g. t-48, t-168) may be valid later if they predate origin. "
generation fossil oil,forbidden_leakage,float64,328,6,False,high,unavailable_at_forecast_origin,forbidden,potentially_valid_if_observed_before_origin,,,"Same-hour realized generation mix. Dispatch and metering occur on the delivery day, after day-ahead clearing. Contemporaneous use is leakage. Historical lags (e.g. t-48, t-168) may be valid later if they predate origin. "
generation fossil oil shale,forbidden_leakage,float64,1,6,False,high,unavailable_at_forecast_origin,forbidden,potentially_valid_if_observed_before_origin,,,"Same-hour realized generation mix. Dispatch and metering occur on the delivery day, after day-ahead clearing. Contemporaneous use is leakage. Historical lags (e.g. t-48, t-168) may be valid later if they predate origin. Near-constant/zero series: still leakage if used at t; information value is a later selection issue."
generation fossil peat,forbidden_leakage,float64,1,6,False,high,unavailable_at_forecast_origin,forbidden,potentially_valid_if_observed_before_origin,,,"Same-hour realized generation mix. Dispatch and metering occur on the delivery day, after day-ahead clearing. Contemporaneous use is leakage. Historical lags (e.g. t-48, t-168) may be valid later if they predate origin. Near-constant/zero series: still leakage if used at t; information value is a later selection issue."
generation geothermal,forbidden_leakage,float64,1,6,False,high,unavailable_at_forecast_origin,forbidden,potentially_valid_if_observed_before_origin,,,"Same-hour realized generation mix. Dispatch and metering occur on the delivery day, after day-ahead clearing. Contemporaneous use is leakage. Historical lags (e.g. t-48, t-168) may be valid later if they predate origin. Near-constant/zero series: still leakage if used at t; information value is a later selection issue."
generation hydro pumped storage consumption,forbidden_leakage,float64,3313,6,False,high,unavailable_at_forecast_origin,forbidden,potentially_valid_if_observed_before_origin,,,"Same-hour realized generation mix. Dispatch and metering occur on the delivery day, after day-ahead clearing. Contemporaneous use is leakage. Historical lags (e.g. t-48, t-168) may be valid later if they predate origin. "
generation hydro run-of-river and poundage,forbidden_leakage,float64,1691,6,False,high,unavailable_at_forecast_origin,forbidden,potentially_valid_if_observed_before_origin,,,"Same-hour realized generation mix. Dispatch and metering occur on the delivery day, after day-ahead clearing. Contemporaneous use is leakage. Historical lags (e.g. t-48, t-168) may be valid later if they predate origin. "
generation hydro water reservoir,forbidden_leakage,float64,7034,6,False,high,unavailable_at_forecast_origin,forbidden,potentially_valid_if_observed_before_origin,,,"Same-hour realized generation mix. Dispatch and metering occur on the delivery day, after day-ahead clearing. Contemporaneous use is leakage. Historical lags (e.g. t-48, t-168) may be valid later if they predate origin. "
generation marine,forbidden_leakage,float64,1,6,False,high,unavailable_at_forecast_origin,forbidden,potentially_valid_if_observed_before_origin,,,"Same-hour realized generation mix. Dispatch and metering occur on the delivery day, after day-ahead clearing. Contemporaneous use is leakage. Historical lags (e.g. t-48, t-168) may be valid later if they predate origin. Near-constant/zero series: still leakage if used at t; information value is a later selection issue."
generation nuclear,forbidden_leakage,float64,2390,6,False,high,unavailable_at_forecast_origin,forbidden,potentially_valid_if_observed_before_origin,,,"Same-hour realized generation mix. Dispatch and metering occur on the delivery day, after day-ahead clearing. Contemporaneous use is leakage. Historical lags (e.g. t-48, t-168) may be valid later if they predate origin. "
generation other,forbidden_leakage,float64,106,6,False,high,unavailable_at_forecast_origin,forbidden,potentially_valid_if_observed_before_origin,,,"Same-hour realized generation mix. Dispatch and metering occur on the delivery day, after day-ahead clearing. Contemporaneous use is leakage. Historical lags (e.g. t-48, t-168) may be valid later if they predate origin. "
generation other renewable,forbidden_leakage,float64,81,6,False,high,unavailable_at_forecast_origin,forbidden,potentially_valid_if_observed_before_origin,,,"Same-hour realized generation mix. Dispatch and metering occur on the delivery day, after day-ahead clearing. Contemporaneous use is leakage. Historical lags (e.g. t-48, t-168) may be valid later if they predate origin. "
generation solar,forbidden_leakage,float64,5338,6,False,high,unavailable_at_forecast_origin,forbidden,potentially_valid_if_observed_before_origin,,,"Same-hour realized generation mix. Dispatch and metering occur on the delivery day, after day-ahead clearing. Contemporaneous use is leakage. Historical lags (e.g. t-48, t-168) may be valid later if they predate origin. "
generation waste,forbidden_leakage,float64,268,6,False,high,unavailable_at_forecast_origin,forbidden,potentially_valid_if_observed_before_origin,,,"Same-hour realized generation mix. Dispatch and metering occur on the delivery day, after day-ahead clearing. Contemporaneous use is leakage. Historical lags (e.g. t-48, t-168) may be valid later if they predate origin. "
generation wind offshore,forbidden_leakage,float64,1,6,False,high,unavailable_at_forecast_origin,forbidden,potentially_valid_if_observed_before_origin,,,"Same-hour realized generation mix. Dispatch and metering occur on the delivery day, after day-ahead clearing. Contemporaneous use is leakage. Historical lags (e.g. t-48, t-168) may be valid later if they predate origin. Near-constant/zero series: still leakage if used at t; information value is a later selection issue."
generation wind onshore,forbidden_leakage,float64,11471,6,False,high,unavailable_at_forecast_origin,forbidden,potentially_valid_if_observed_before_origin,,,"Same-hour realized generation mix. Dispatch and metering occur on the delivery day, after day-ahead clearing. Contemporaneous use is leakage. Historical lags (e.g. t-48, t-168) may be valid later if they predate origin. "
forecast solar day ahead,potentially_valid_day_ahead,float64,5356,0,False,medium,unknown_publication_time_but_named_day_ahead_forecast,potentially_valid,valid,,,"Column name indicates a day-ahead forecast for hour t, not a realized observation at t. REE/TSO day-ahead load and renewable forecasts are typically published before OMIE gate closure. Exact publication timestamp is NOT in this dataset, so status is potential not proven. Do not treat as actuals. If a forecast was revised after clearing, that would be leakage; cannot verify here."
forecast wind onshore day ahead,potentially_valid_day_ahead,float64,11332,0,False,medium,unknown_publication_time_but_named_day_ahead_forecast,potentially_valid,valid,,,"Column name indicates a day-ahead forecast for hour t, not a realized observation at t. REE/TSO day-ahead load and renewable forecasts are typically published before OMIE gate closure. Exact publication timestamp is NOT in this dataset, so status is potential not proven. Do not treat as actuals. If a forecast was revised after clearing, that would be leakage; cannot verify here."
total load forecast,potentially_valid_day_ahead,float64,14790,0,False,medium,unknown_publication_time_but_named_day_ahead_forecast,potentially_valid,valid,,,"Column name indicates a day-ahead forecast for hour t, not a realized observation at t. REE/TSO day-ahead load and renewable forecasts are typically published before OMIE gate closure. Exact publication timestamp is NOT in this dataset, so status is potential not proven. Do not treat as actuals. If a forecast was revised after clearing, that would be leakage; cannot verify here."
total load actual,forbidden_leakage,float64,15139,14,False,high,unavailable_at_forecast_origin,forbidden,potentially_valid_if_observed_before_origin,,,Same-hour realized national demand. Known only after hour t (TSO metering). Using the row-aligned value to predict day-ahead price for t leaks post-auction information. Lags whose timestamps are strictly before forecast origin can be considered later; not this column at t.
price day ahead,target,float64,5747,0,True,critical_if_used_as_same_hour_feature,target_unpublished_before_D-1_auction,forbidden,valid_if_prior_auction_only,,,"This is the modeling target: OMIE day-ahead hourly clearing price for delivery hour t. All 24 hours of delivery day D are cleared in one auction on D-1 (gate typically 12:00 CET). The same-hour value is unknown at forecast origin and must not enter X. Prior-auction lags (t-24, t-48, t-168) are discussed in the audit; they are not this column as stored."
price actual,forbidden_leakage,float64,6653,0,True,critical,unavailable_at_forecast_origin,forbidden,forbidden_by_project_rule,,,"Realized/intraday-style price at delivery hour t. Observed during or after t, after the day-ahead auction. Distinct from price day ahead (not a copy). Project rule: never a feature, including lags."
temp_Barcelona,ambiguous,float64,5296,0,False,high,unknown_publication_time,do_not_include,potentially_valid_if_observed_before_origin,Barcelona,temp,"Observed weather field 'temp' at Barcelona for hour t (not a weather forecast). No issue time exists in the file. Under the chosen boundary (predict D before D starts), actual weather at t is unavailable. Do not include same-hour values. Historical lags with timestamp <= origin minus delay are a later, explicit choice."
temp_Bilbao,ambiguous,float64,8574,0,False,high,unknown_publication_time,do_not_include,potentially_valid_if_observed_before_origin,Bilbao,temp,"Observed weather field 'temp' at Bilbao for hour t (not a weather forecast). No issue time exists in the file. Under the chosen boundary (predict D before D starts), actual weather at t is unavailable. Do not include same-hour values. Historical lags with timestamp <= origin minus delay are a later, explicit choice."
temp_Madrid,ambiguous,float64,7272,0,False,high,unknown_publication_time,do_not_include,potentially_valid_if_observed_before_origin,Madrid,temp,"Observed weather field 'temp' at Madrid for hour t (not a weather forecast). No issue time exists in the file. Under the chosen boundary (predict D before D starts), actual weather at t is unavailable. Do not include same-hour values. Historical lags with timestamp <= origin minus delay are a later, explicit choice."
temp_Seville,ambiguous,float64,7211,0,False,high,unknown_publication_time,do_not_include,potentially_valid_if_observed_before_origin,Seville,temp,"Observed weather field 'temp' at Seville for hour t (not a weather forecast). No issue time exists in the file. Under the chosen boundary (predict D before D starts), actual weather at t is unavailable. Do not include same-hour values. Historical lags with timestamp <= origin minus delay are a later, explicit choice."
temp_Valencia,ambiguous,float64,5988,0,False,high,unknown_publication_time,do_not_include,potentially_valid_if_observed_before_origin,Valencia,temp,"Observed weather field 'temp' at Valencia for hour t (not a weather forecast). No issue time exists in the file. Under the chosen boundary (predict D before D starts), actual weather at t is unavailable. Do not include same-hour values. Historical lags with timestamp <= origin minus delay are a later, explicit choice."
temp_min_Barcelona,ambiguous,float64,3483,0,False,high,unknown_publication_time,do_not_include,potentially_valid_if_observed_before_origin,Barcelona,temp_min,"Observed weather field 'temp_min' at Barcelona for hour t (not a weather forecast). No issue time exists in the file. Under the chosen boundary (predict D before D starts), actual weather at t is unavailable. Do not include same-hour values. Historical lags with timestamp <= origin minus delay are a later, explicit choice."
temp_min_Bilbao,ambiguous,float64,6165,0,False,high,unknown_publication_time,do_not_include,potentially_valid_if_observed_before_origin,Bilbao,temp_min,"Observed weather field 'temp_min' at Bilbao for hour t (not a weather forecast). No issue time exists in the file. Under the chosen boundary (predict D before D starts), actual weather at t is unavailable. Do not include same-hour values. Historical lags with timestamp <= origin minus delay are a later, explicit choice."
temp_min_Madrid,ambiguous,float64,4370,0,False,high,unknown_publication_time,do_not_include,potentially_valid_if_observed_before_origin,Madrid,temp_min,"Observed weather field 'temp_min' at Madrid for hour t (not a weather forecast). No issue time exists in the file. Under the chosen boundary (predict D before D starts), actual weather at t is unavailable. Do not include same-hour values. Historical lags with timestamp <= origin minus delay are a later, explicit choice."
temp_min_Seville,ambiguous,float64,4692,0,False,high,unknown_publication_time,do_not_include,potentially_valid_if_observed_before_origin,Seville,temp_min,"Observed weather field 'temp_min' at Seville for hour t (not a weather forecast). No issue time exists in the file. Under the chosen boundary (predict D before D starts), actual weather at t is unavailable. Do not include same-hour values. Historical lags with timestamp <= origin minus delay are a later, explicit choice."
temp_min_Valencia,ambiguous,float64,4012,0,False,high,unknown_publication_time,do_not_include,potentially_valid_if_observed_before_origin,Valencia,temp_min,"Observed weather field 'temp_min' at Valencia for hour t (not a weather forecast). No issue time exists in the file. Under the chosen boundary (predict D before D starts), actual weather at t is unavailable. Do not include same-hour values. Historical lags with timestamp <= origin minus delay are a later, explicit choice."
temp_max_Barcelona,ambiguous,float64,3484,0,False,high,unknown_publication_time,do_not_include,potentially_valid_if_observed_before_origin,Barcelona,temp_max,"Observed weather field 'temp_max' at Barcelona for hour t (not a weather forecast). No issue time exists in the file. Under the chosen boundary (predict D before D starts), actual weather at t is unavailable. Do not include same-hour values. Historical lags with timestamp <= origin minus delay are a later, explicit choice."
temp_max_Bilbao,ambiguous,float64,6173,0,False,high,unknown_publication_time,do_not_include,potentially_valid_if_observed_before_origin,Bilbao,temp_max,"Observed weather field 'temp_max' at Bilbao for hour t (not a weather forecast). No issue time exists in the file. Under the chosen boundary (predict D before D starts), actual weather at t is unavailable. Do not include same-hour values. Historical lags with timestamp <= origin minus delay are a later, explicit choice."
temp_max_Madrid,ambiguous,float64,4420,0,False,high,unknown_publication_time,do_not_include,potentially_valid_if_observed_before_origin,Madrid,temp_max,"Observed weather field 'temp_max' at Madrid for hour t (not a weather forecast). No issue time exists in the file. Under the chosen boundary (predict D before D starts), actual weather at t is unavailable. Do not include same-hour values. Historical lags with timestamp <= origin minus delay are a later, explicit choice."
temp_max_Seville,ambiguous,float64,4695,0,False,high,unknown_publication_time,do_not_include,potentially_valid_if_observed_before_origin,Seville,temp_max,"Observed weather field 'temp_max' at Seville for hour t (not a weather forecast). No issue time exists in the file. Under the chosen boundary (predict D before D starts), actual weather at t is unavailable. Do not include same-hour values. Historical lags with timestamp <= origin minus delay are a later, explicit choice."
temp_max_Valencia,ambiguous,float64,4004,0,False,high,unknown_publication_time,do_not_include,potentially_valid_if_observed_before_origin,Valencia,temp_max,"Observed weather field 'temp_max' at Valencia for hour t (not a weather forecast). No issue time exists in the file. Under the chosen boundary (predict D before D starts), actual weather at t is unavailable. Do not include same-hour values. Historical lags with timestamp <= origin minus delay are a later, explicit choice."
pressure_Barcelona,ambiguous,float64,112,0,False,high,unknown_publication_time,do_not_include,potentially_valid_if_observed_before_origin,Barcelona,pressure,"Observed weather field 'pressure' at Barcelona for hour t (not a weather forecast). No issue time exists in the file. Under the chosen boundary (predict D before D starts), actual weather at t is unavailable. Do not include same-hour values. Historical lags with timestamp <= origin minus delay are a later, explicit choice."
pressure_Bilbao,ambiguous,float64,75,0,False,high,unknown_publication_time,do_not_include,potentially_valid_if_observed_before_origin,Bilbao,pressure,"Observed weather field 'pressure' at Bilbao for hour t (not a weather forecast). No issue time exists in the file. Under the chosen boundary (predict D before D starts), actual weather at t is unavailable. Do not include same-hour values. Historical lags with timestamp <= origin minus delay are a later, explicit choice."
pressure_Madrid,ambiguous,float64,115,0,False,high,unknown_publication_time,do_not_include,potentially_valid_if_observed_before_origin,Madrid,pressure,"Observed weather field 'pressure' at Madrid for hour t (not a weather forecast). No issue time exists in the file. Under the chosen boundary (predict D before D starts), actual weather at t is unavailable. Do not include same-hour values. Historical lags with timestamp <= origin minus delay are a later, explicit choice."
pressure_Seville,ambiguous,float64,64,0,False,high,unknown_publication_time,do_not_include,potentially_valid_if_observed_before_origin,Seville,pressure,"Observed weather field 'pressure' at Seville for hour t (not a weather forecast). No issue time exists in the file. Under the chosen boundary (predict D before D starts), actual weather at t is unavailable. Do not include same-hour values. Historical lags with timestamp <= origin minus delay are a later, explicit choice."
pressure_Valencia,ambiguous,float64,91,0,False,high,unknown_publication_time,do_not_include,potentially_valid_if_observed_before_origin,Valencia,pressure,"Observed weather field 'pressure' at Valencia for hour t (not a weather forecast). No issue time exists in the file. Under the chosen boundary (predict D before D starts), actual weather at t is unavailable. Do not include same-hour values. Historical lags with timestamp <= origin minus delay are a later, explicit choice."
humidity_Barcelona,ambiguous,float64,99,0,False,high,unknown_publication_time,do_not_include,potentially_valid_if_observed_before_origin,Barcelona,humidity,"Observed weather field 'humidity' at Barcelona for hour t (not a weather forecast). No issue time exists in the file. Under the chosen boundary (predict D before D starts), actual weather at t is unavailable. Do not include same-hour values. Historical lags with timestamp <= origin minus delay are a later, explicit choice."
humidity_Bilbao,ambiguous,float64,90,0,False,high,unknown_publication_time,do_not_include,potentially_valid_if_observed_before_origin,Bilbao,humidity,"Observed weather field 'humidity' at Bilbao for hour t (not a weather forecast). No issue time exists in the file. Under the chosen boundary (predict D before D starts), actual weather at t is unavailable. Do not include same-hour values. Historical lags with timestamp <= origin minus delay are a later, explicit choice."
humidity_Madrid,ambiguous,float64,96,0,False,high,unknown_publication_time,do_not_include,potentially_valid_if_observed_before_origin,Madrid,humidity,"Observed weather field 'humidity' at Madrid for hour t (not a weather forecast). No issue time exists in the file. Under the chosen boundary (predict D before D starts), actual weather at t is unavailable. Do not include same-hour values. Historical lags with timestamp <= origin minus delay are a later, explicit choice."
humidity_Seville,ambiguous,float64,94,0,False,high,unknown_publication_time,do_not_include,potentially_valid_if_observed_before_origin,Seville,humidity,"Observed weather field 'humidity' at Seville for hour t (not a weather forecast). No issue time exists in the file. Under the chosen boundary (predict D before D starts), actual weather at t is unavailable. Do not include same-hour values. Historical lags with timestamp <= origin minus delay are a later, explicit choice."
humidity_Valencia,ambiguous,float64,92,0,False,high,unknown_publication_time,do_not_include,potentially_valid_if_observed_before_origin,Valencia,humidity,"Observed weather field 'humidity' at Valencia for hour t (not a weather forecast). No issue time exists in the file. Under the chosen boundary (predict D before D starts), actual weather at t is unavailable. Do not include same-hour values. Historical lags with timestamp <= origin minus delay are a later, explicit choice."
wind_speed_Barcelona,ambiguous,float64,16,0,False,high,unknown_publication_time,do_not_include,potentially_valid_if_observed_before_origin,Barcelona,wind_speed,"Observed weather field 'wind_speed' at Barcelona for hour t (not a weather forecast). No issue time exists in the file. Under the chosen boundary (predict D before D starts), actual weather at t is unavailable. Do not include same-hour values. Historical lags with timestamp <= origin minus delay are a later, explicit choice."
wind_speed_Bilbao,ambiguous,float64,16,0,False,high,unknown_publication_time,do_not_include,potentially_valid_if_observed_before_origin,Bilbao,wind_speed,"Observed weather field 'wind_speed' at Bilbao for hour t (not a weather forecast). No issue time exists in the file. Under the chosen boundary (predict D before D starts), actual weather at t is unavailable. Do not include same-hour values. Historical lags with timestamp <= origin minus delay are a later, explicit choice."
wind_speed_Madrid,ambiguous,float64,18,0,False,high,unknown_publication_time,do_not_include,potentially_valid_if_observed_before_origin,Madrid,wind_speed,"Observed weather field 'wind_speed' at Madrid for hour t (not a weather forecast). No issue time exists in the file. Under the chosen boundary (predict D before D starts), actual weather at t is unavailable. Do not include same-hour values. Historical lags with timestamp <= origin minus delay are a later, explicit choice."
wind_speed_Seville,ambiguous,float64,16,0,False,high,unknown_publication_time,do_not_include,potentially_valid_if_observed_before_origin,Seville,wind_speed,"Observed weather field 'wind_speed' at Seville for hour t (not a weather forecast). No issue time exists in the file. Under the chosen boundary (predict D before D starts), actual weather at t is unavailable. Do not include same-hour values. Historical lags with timestamp <= origin minus delay are a later, explicit choice."
wind_speed_Valencia,ambiguous,float64,35,0,False,high,unknown_publication_time,do_not_include,potentially_valid_if_observed_before_origin,Valencia,wind_speed,"Observed weather field 'wind_speed' at Valencia for hour t (not a weather forecast). No issue time exists in the file. Under the chosen boundary (predict D before D starts), actual weather at t is unavailable. Do not include same-hour values. Historical lags with timestamp <= origin minus delay are a later, explicit choice."
wind_deg_Barcelona,ambiguous,float64,375,0,False,high,unknown_publication_time,do_not_include,potentially_valid_if_observed_before_origin,Barcelona,wind_deg,"Observed weather field 'wind_deg' at Barcelona for hour t (not a weather forecast). No issue time exists in the file. Under the chosen boundary (predict D before D starts), actual weather at t is unavailable. Do not include same-hour values. Historical lags with timestamp <= origin minus delay are a later, explicit choice."
wind_deg_Bilbao,ambiguous,float64,384,0,False,high,unknown_publication_time,do_not_include,potentially_valid_if_observed_before_origin,Bilbao,wind_deg,"Observed weather field 'wind_deg' at Bilbao for hour t (not a weather forecast). No issue time exists in the file. Under the chosen boundary (predict D before D starts), actual weather at t is unavailable. Do not include same-hour values. Historical lags with timestamp <= origin minus delay are a later, explicit choice."
wind_deg_Madrid,ambiguous,float64,381,0,False,high,unknown_publication_time,do_not_include,potentially_valid_if_observed_before_origin,Madrid,wind_deg,"Observed weather field 'wind_deg' at Madrid for hour t (not a weather forecast). No issue time exists in the file. Under the chosen boundary (predict D before D starts), actual weather at t is unavailable. Do not include same-hour values. Historical lags with timestamp <= origin minus delay are a later, explicit choice."
wind_deg_Seville,ambiguous,float64,373,0,False,high,unknown_publication_time,do_not_include,potentially_valid_if_observed_before_origin,Seville,wind_deg,"Observed weather field 'wind_deg' at Seville for hour t (not a weather forecast). No issue time exists in the file. Under the chosen boundary (predict D before D starts), actual weather at t is unavailable. Do not include same-hour values. Historical lags with timestamp <= origin minus delay are a later, explicit choice."
wind_deg_Valencia,ambiguous,float64,367,0,False,high,unknown_publication_time,do_not_include,potentially_valid_if_observed_before_origin,Valencia,wind_deg,"Observed weather field 'wind_deg' at Valencia for hour t (not a weather forecast). No issue time exists in the file. Under the chosen boundary (predict D before D starts), actual weather at t is unavailable. Do not include same-hour values. Historical lags with timestamp <= origin minus delay are a later, explicit choice."
rain_1h_Barcelona,ambiguous,float64,5,0,False,high,unknown_publication_time,do_not_include,potentially_valid_if_observed_before_origin,Barcelona,rain_1h,"Observed weather field 'rain_1h' at Barcelona for hour t (not a weather forecast). No issue time exists in the file. Under the chosen boundary (predict D before D starts), actual weather at t is unavailable. Do not include same-hour values. Historical lags with timestamp <= origin minus delay are a later, explicit choice."
rain_1h_Bilbao,ambiguous,float64,4,0,False,high,unknown_publication_time,do_not_include,potentially_valid_if_observed_before_origin,Bilbao,rain_1h,"Observed weather field 'rain_1h' at Bilbao for hour t (not a weather forecast). No issue time exists in the file. Under the chosen boundary (predict D before D starts), actual weather at t is unavailable. Do not include same-hour values. Historical lags with timestamp <= origin minus delay are a later, explicit choice."
rain_1h_Madrid,ambiguous,float64,4,0,False,high,unknown_publication_time,do_not_include,potentially_valid_if_observed_before_origin,Madrid,rain_1h,"Observed weather field 'rain_1h' at Madrid for hour t (not a weather forecast). No issue time exists in the file. Under the chosen boundary (predict D before D starts), actual weather at t is unavailable. Do not include same-hour values. Historical lags with timestamp <= origin minus delay are a later, explicit choice."
rain_1h_Seville,ambiguous,float64,4,0,False,high,unknown_publication_time,do_not_include,potentially_valid_if_observed_before_origin,Seville,rain_1h,"Observed weather field 'rain_1h' at Seville for hour t (not a weather forecast). No issue time exists in the file. Under the chosen boundary (predict D before D starts), actual weather at t is unavailable. Do not include same-hour values. Historical lags with timestamp <= origin minus delay are a later, explicit choice."
rain_1h_Valencia,ambiguous,float64,7,0,False,high,unknown_publication_time,do_not_include,potentially_valid_if_observed_before_origin,Valencia,rain_1h,"Observed weather field 'rain_1h' at Valencia for hour t (not a weather forecast). No issue time exists in the file. Under the chosen boundary (predict D before D starts), actual weather at t is unavailable. Do not include same-hour values. Historical lags with timestamp <= origin minus delay are a later, explicit choice."
rain_3h_Barcelona,ambiguous,float64,50,0,False,high,unknown_publication_time_and_unknown_3h_window,do_not_include,potentially_valid_if_window_ends_before_origin,Barcelona,rain_3h,Observed rain_3h for Barcelona aligned to hour t. Same-hour weather is not known before delivery day D. Additionally the 3-hour window direction is not documented; it may include minutes after t. Do not silently include. Lagged use only after window-end < forecast origin.
rain_3h_Bilbao,ambiguous,float64,71,0,False,high,unknown_publication_time_and_unknown_3h_window,do_not_include,potentially_valid_if_window_ends_before_origin,Bilbao,rain_3h,Observed rain_3h for Bilbao aligned to hour t. Same-hour weather is not known before delivery day D. Additionally the 3-hour window direction is not documented; it may include minutes after t. Do not silently include. Lagged use only after window-end < forecast origin.
rain_3h_Madrid,ambiguous,float64,38,0,False,high,unknown_publication_time_and_unknown_3h_window,do_not_include,potentially_valid_if_window_ends_before_origin,Madrid,rain_3h,Observed rain_3h for Madrid aligned to hour t. Same-hour weather is not known before delivery day D. Additionally the 3-hour window direction is not documented; it may include minutes after t. Do not silently include. Lagged use only after window-end < forecast origin.
rain_3h_Seville,ambiguous,float64,31,0,False,high,unknown_publication_time_and_unknown_3h_window,do_not_include,potentially_valid_if_window_ends_before_origin,Seville,rain_3h,Observed rain_3h for Seville aligned to hour t. Same-hour weather is not known before delivery day D. Additionally the 3-hour window direction is not documented; it may include minutes after t. Do not silently include. Lagged use only after window-end < forecast origin.
rain_3h_Valencia,ambiguous,float64,44,0,False,high,unknown_publication_time_and_unknown_3h_window,do_not_include,potentially_valid_if_window_ends_before_origin,Valencia,rain_3h,Observed rain_3h for Valencia aligned to hour t. Same-hour weather is not known before delivery day D. Additionally the 3-hour window direction is not documented; it may include minutes after t. Do not silently include. Lagged use only after window-end < forecast origin.
snow_3h_Barcelona,ambiguous,float64,1,0,False,high,unknown_publication_time_and_unknown_3h_window,do_not_include,potentially_valid_if_window_ends_before_origin,Barcelona,snow_3h,Observed snow_3h for Barcelona aligned to hour t. Same-hour weather is not known before delivery day D. Additionally the 3-hour window direction is not documented; it may include minutes after t. Do not silently include. Lagged use only after window-end < forecast origin.
snow_3h_Bilbao,ambiguous,float64,65,0,False,high,unknown_publication_time_and_unknown_3h_window,do_not_include,potentially_valid_if_window_ends_before_origin,Bilbao,snow_3h,Observed snow_3h for Bilbao aligned to hour t. Same-hour weather is not known before delivery day D. Additionally the 3-hour window direction is not documented; it may include minutes after t. Do not silently include. Lagged use only after window-end < forecast origin.
snow_3h_Madrid,ambiguous,float64,2,0,False,high,unknown_publication_time_and_unknown_3h_window,do_not_include,potentially_valid_if_window_ends_before_origin,Madrid,snow_3h,Observed snow_3h for Madrid aligned to hour t. Same-hour weather is not known before delivery day D. Additionally the 3-hour window direction is not documented; it may include minutes after t. Do not silently include. Lagged use only after window-end < forecast origin.
snow_3h_Seville,ambiguous,float64,1,0,False,high,unknown_publication_time_and_unknown_3h_window,do_not_include,potentially_valid_if_window_ends_before_origin,Seville,snow_3h,Observed snow_3h for Seville aligned to hour t. Same-hour weather is not known before delivery day D. Additionally the 3-hour window direction is not documented; it may include minutes after t. Do not silently include. Lagged use only after window-end < forecast origin.
snow_3h_Valencia,ambiguous,float64,4,0,False,high,unknown_publication_time_and_unknown_3h_window,do_not_include,potentially_valid_if_window_ends_before_origin,Valencia,snow_3h,Observed snow_3h for Valencia aligned to hour t. Same-hour weather is not known before delivery day D. Additionally the 3-hour window direction is not documented; it may include minutes after t. Do not silently include. Lagged use only after window-end < forecast origin.
clouds_all_Barcelona,ambiguous,float64,86,0,False,high,unknown_publication_time,do_not_include,potentially_valid_if_observed_before_origin,Barcelona,clouds_all,"Observed weather field 'clouds_all' at Barcelona for hour t (not a weather forecast). No issue time exists in the file. Under the chosen boundary (predict D before D starts), actual weather at t is unavailable. Do not include same-hour values. Historical lags with timestamp <= origin minus delay are a later, explicit choice."
clouds_all_Bilbao,ambiguous,float64,89,0,False,high,unknown_publication_time,do_not_include,potentially_valid_if_observed_before_origin,Bilbao,clouds_all,"Observed weather field 'clouds_all' at Bilbao for hour t (not a weather forecast). No issue time exists in the file. Under the chosen boundary (predict D before D starts), actual weather at t is unavailable. Do not include same-hour values. Historical lags with timestamp <= origin minus delay are a later, explicit choice."
clouds_all_Madrid,ambiguous,float64,88,0,False,high,unknown_publication_time,do_not_include,potentially_valid_if_observed_before_origin,Madrid,clouds_all,"Observed weather field 'clouds_all' at Madrid for hour t (not a weather forecast). No issue time exists in the file. Under the chosen boundary (predict D before D starts), actual weather at t is unavailable. Do not include same-hour values. Historical lags with timestamp <= origin minus delay are a later, explicit choice."
clouds_all_Seville,ambiguous,float64,83,0,False,high,unknown_publication_time,do_not_include,potentially_valid_if_observed_before_origin,Seville,clouds_all,"Observed weather field 'clouds_all' at Seville for hour t (not a weather forecast). No issue time exists in the file. Under the chosen boundary (predict D before D starts), actual weather at t is unavailable. Do not include same-hour values. Historical lags with timestamp <= origin minus delay are a later, explicit choice."
clouds_all_Valencia,ambiguous,float64,84,0,False,high,unknown_publication_time,do_not_include,potentially_valid_if_observed_before_origin,Valencia,clouds_all,"Observed weather field 'clouds_all' at Valencia for hour t (not a weather forecast). No issue time exists in the file. Under the chosen boundary (predict D before D starts), actual weather at t is unavailable. Do not include same-hour values. Historical lags with timestamp <= origin minus delay are a later, explicit choice."
weather_id_Barcelona,ambiguous,int64,28,0,False,high,unknown_publication_time,do_not_include,potentially_valid_if_observed_before_origin,Barcelona,weather_id,"Observed weather field 'weather_id' at Barcelona for hour t (not a weather forecast). No issue time exists in the file. Under the chosen boundary (predict D before D starts), actual weather at t is unavailable. Do not include same-hour values. Historical lags with timestamp <= origin minus delay are a later, explicit choice."
weather_id_Bilbao,ambiguous,int64,29,0,False,high,unknown_publication_time,do_not_include,potentially_valid_if_observed_before_origin,Bilbao,weather_id,"Observed weather field 'weather_id' at Bilbao for hour t (not a weather forecast). No issue time exists in the file. Under the chosen boundary (predict D before D starts), actual weather at t is unavailable. Do not include same-hour values. Historical lags with timestamp <= origin minus delay are a later, explicit choice."
weather_id_Madrid,ambiguous,int64,29,0,False,high,unknown_publication_time,do_not_include,potentially_valid_if_observed_before_origin,Madrid,weather_id,"Observed weather field 'weather_id' at Madrid for hour t (not a weather forecast). No issue time exists in the file. Under the chosen boundary (predict D before D starts), actual weather at t is unavailable. Do not include same-hour values. Historical lags with timestamp <= origin minus delay are a later, explicit choice."
weather_id_Seville,ambiguous,int64,27,0,False,high,unknown_publication_time,do_not_include,potentially_valid_if_observed_before_origin,Seville,weather_id,"Observed weather field 'weather_id' at Seville for hour t (not a weather forecast). No issue time exists in the file. Under the chosen boundary (predict D before D starts), actual weather at t is unavailable. Do not include same-hour values. Historical lags with timestamp <= origin minus delay are a later, explicit choice."
weather_id_Valencia,ambiguous,int64,23,0,False,high,unknown_publication_time,do_not_include,potentially_valid_if_observed_before_origin,Valencia,weather_id,"Observed weather field 'weather_id' at Valencia for hour t (not a weather forecast). No issue time exists in the file. Under the chosen boundary (predict D before D starts), actual weather at t is unavailable. Do not include same-hour values. Historical lags with timestamp <= origin minus delay are a later, explicit choice."
weather_main_Barcelona,ambiguous,object,9,0,False,high,unknown_publication_time,do_not_include,potentially_valid_if_observed_before_origin,Barcelona,weather_main,"Observed weather field 'weather_main' at Barcelona for hour t (not a weather forecast). No issue time exists in the file. Under the chosen boundary (predict D before D starts), actual weather at t is unavailable. Do not include same-hour values. Historical lags with timestamp <= origin minus delay are a later, explicit choice."
weather_main_Bilbao,ambiguous,object,9,0,False,high,unknown_publication_time,do_not_include,potentially_valid_if_observed_before_origin,Bilbao,weather_main,"Observed weather field 'weather_main' at Bilbao for hour t (not a weather forecast). No issue time exists in the file. Under the chosen boundary (predict D before D starts), actual weather at t is unavailable. Do not include same-hour values. Historical lags with timestamp <= origin minus delay are a later, explicit choice."
weather_main_Madrid,ambiguous,object,9,0,False,high,unknown_publication_time,do_not_include,potentially_valid_if_observed_before_origin,Madrid,weather_main,"Observed weather field 'weather_main' at Madrid for hour t (not a weather forecast). No issue time exists in the file. Under the chosen boundary (predict D before D starts), actual weather at t is unavailable. Do not include same-hour values. Historical lags with timestamp <= origin minus delay are a later, explicit choice."
weather_main_Seville,ambiguous,object,11,0,False,high,unknown_publication_time,do_not_include,potentially_valid_if_observed_before_origin,Seville,weather_main,"Observed weather field 'weather_main' at Seville for hour t (not a weather forecast). No issue time exists in the file. Under the chosen boundary (predict D before D starts), actual weather at t is unavailable. Do not include same-hour values. Historical lags with timestamp <= origin minus delay are a later, explicit choice."
weather_main_Valencia,ambiguous,object,9,0,False,high,unknown_publication_time,do_not_include,potentially_valid_if_observed_before_origin,Valencia,weather_main,"Observed weather field 'weather_main' at Valencia for hour t (not a weather forecast). No issue time exists in the file. Under the chosen boundary (predict D before D starts), actual weather at t is unavailable. Do not include same-hour values. Historical lags with timestamp <= origin minus delay are a later, explicit choice."
weather_description_Barcelona,ambiguous,object,29,0,False,high,unknown_publication_time,do_not_include,potentially_valid_if_observed_before_origin,Barcelona,weather_description,"Observed weather field 'weather_description' at Barcelona for hour t (not a weather forecast). No issue time exists in the file. Under the chosen boundary (predict D before D starts), actual weather at t is unavailable. Do not include same-hour values. Historical lags with timestamp <= origin minus delay are a later, explicit choice."
weather_description_Bilbao,ambiguous,object,33,0,False,high,unknown_publication_time,do_not_include,potentially_valid_if_observed_before_origin,Bilbao,weather_description,"Observed weather field 'weather_description' at Bilbao for hour t (not a weather forecast). No issue time exists in the file. Under the chosen boundary (predict D before D starts), actual weather at t is unavailable. Do not include same-hour values. Historical lags with timestamp <= origin minus delay are a later, explicit choice."
weather_description_Madrid,ambiguous,object,31,0,False,high,unknown_publication_time,do_not_include,potentially_valid_if_observed_before_origin,Madrid,weather_description,"Observed weather field 'weather_description' at Madrid for hour t (not a weather forecast). No issue time exists in the file. Under the chosen boundary (predict D before D starts), actual weather at t is unavailable. Do not include same-hour values. Historical lags with timestamp <= origin minus delay are a later, explicit choice."
weather_description_Seville,ambiguous,object,30,0,False,high,unknown_publication_time,do_not_include,potentially_valid_if_observed_before_origin,Seville,weather_description,"Observed weather field 'weather_description' at Seville for hour t (not a weather forecast). No issue time exists in the file. Under the chosen boundary (predict D before D starts), actual weather at t is unavailable. Do not include same-hour values. Historical lags with timestamp <= origin minus delay are a later, explicit choice."
weather_description_Valencia,ambiguous,object,24,0,False,high,unknown_publication_time,do_not_include,potentially_valid_if_observed_before_origin,Valencia,weather_description,"Observed weather field 'weather_description' at Valencia for hour t (not a weather forecast). No issue time exists in the file. Under the chosen boundary (predict D before D starts), actual weather at t is unavailable. Do not include same-hour values. Historical lags with timestamp <= origin minus delay are a later, explicit choice."
weather_icon_Barcelona,ambiguous,object,24,0,False,high,unknown_publication_time,do_not_include,potentially_valid_if_observed_before_origin,Barcelona,weather_icon,"Observed weather field 'weather_icon' at Barcelona for hour t (not a weather forecast). No issue time exists in the file. Under the chosen boundary (predict D before D starts), actual weather at t is unavailable. Do not include same-hour values. Historical lags with timestamp <= origin minus delay are a later, explicit choice."
weather_icon_Bilbao,ambiguous,object,24,0,False,high,unknown_publication_time,do_not_include,potentially_valid_if_observed_before_origin,Bilbao,weather_icon,"Observed weather field 'weather_icon' at Bilbao for hour t (not a weather forecast). No issue time exists in the file. Under the chosen boundary (predict D before D starts), actual weather at t is unavailable. Do not include same-hour values. Historical lags with timestamp <= origin minus delay are a later, explicit choice."
weather_icon_Madrid,ambiguous,object,23,0,False,high,unknown_publication_time,do_not_include,potentially_valid_if_observed_before_origin,Madrid,weather_icon,"Observed weather field 'weather_icon' at Madrid for hour t (not a weather forecast). No issue time exists in the file. Under the chosen boundary (predict D before D starts), actual weather at t is unavailable. Do not include same-hour values. Historical lags with timestamp <= origin minus delay are a later, explicit choice."
weather_icon_Seville,ambiguous,object,21,0,False,high,unknown_publication_time,do_not_include,potentially_valid_if_observed_before_origin,Seville,weather_icon,"Observed weather field 'weather_icon' at Seville for hour t (not a weather forecast). No issue time exists in the file. Under the chosen boundary (predict D before D starts), actual weather at t is unavailable. Do not include same-hour values. Historical lags with timestamp <= origin minus delay are a later, explicit choice."
weather_icon_Valencia,ambiguous,object,21,0,False,high,unknown_publication_time,do_not_include,potentially_valid_if_observed_before_origin,Valencia,weather_icon,"Observed weather field 'weather_icon' at Valencia for hour t (not a weather forecast). No issue time exists in the file. Under the chosen boundary (predict D before D starts), actual weather at t is unavailable. Do not include same-hour values. Historical lags with timestamp <= origin minus delay are a later, explicit choice."
